Overall Qual,Overall Cond,Total Bsmt SF,Central Air,Gr Liv Area,SalePrice
6,5,1080.0,1,1656,215000
5,6,882.0,1,896,105000
6,6,1329.0,1,1329,172000
7,5,2110.0,1,2110,244000
5,5,928.0,1,1629,189900
6,6,926.0,1,1604,195500
8,5,1338.0,1,1338,213500
8,5,1280.0,1,1280,191500
8,5,1595.0,1,1616,236500
7,5,994.0,1,1804,189000
6,5,763.0,1,1655,175900
6,7,1168.0,1,1187,185000
6,5,789.0,1,1465,180400
7,5,1300.0,1,1341,171500
8,5,1488.0,1,1502,212000
8,5,1650.0,1,3279,538000
8,7,559.0,1,1752,164000
9,2,1856.0,1,1856,394432
4,5,864.0,1,864,141000
6,6,1542.0,1,2073,210000
6,6,1844.0,1,1844,190000
7,6,1053.0,1,1173,170000
7,5,814.0,1,1674,216000
6,7,1004.0,1,1004,149000
5,6,1078.0,1,1078,149900
5,6,1056.0,1,1056,142000
4,5,882.0,1,882,126000
4,5,864.0,1,864,115000
7,5,1405.0,1,1337,184000
6,5,483.0,1,987,96000
5,5,525.0,1,1092,105500
6,5,525.0,1,1092,88000
6,5,1069.0,1,1069,127500
6,6,855.0,1,1456,149900
7,6,836.0,1,836,120000
6,5,855.0,1,1456,146000
9,5,1590.0,1,2334,376162
8,5,1704.0,1,1704,306000
9,5,1930.0,1,1940,395192
8,5,1544.0,1,1544,290941
7,5,1541.0,1,1541,220000
9,5,1698.0,1,1698,275000
8,5,1822.0,1,1822,259000
7,5,1517.0,1,1535,214000
9,5,2330.0,1,2364,611657
7,5,1358.0,1,1358,224000
9,5,2846.0,1,2696,500000
8,5,1671.0,1,2250,320000
9,5,1752.0,1,1752,319900
8,5,1370.0,1,1370,205000
7,5,764.0,1,1626,175500
6,5,1324.0,1,1324,199500
7,5,1145.0,1,1145,160000
8,5,1256.0,1,1269,192000
7,5,384.0,1,1374,184500
6,5,860.0,1,1960,216500
7,5,847.0,1,1733,185088
7,5,384.0,1,1430,180000
7,5,884.0,1,2035,222500
9,5,1393.0,1,2599,333168
8,5,1629.0,1,2475,355000
7,5,1720.0,1,1720,260400
8,5,1463.0,1,2622,325000
8,7,1152.0,1,2270,290000
7,5,1195.0,1,1839,221000
8,5,2033.0,1,3238,410000
8,5,1595.0,1,1595,221500
7,5,1218.0,1,1218,204500
7,5,756.0,1,1547,215200
8,5,1566.0,1,1566,262500
7,5,991.0,1,1947,254900
6,5,1468.0,1,1468,271500
7,5,956.0,1,2084,233000
7,5,831.0,1,1659,181000
7,5,948.0,1,2110,205000
6,5,923.0,1,923,143000
6,5,1055.0,1,1845,189000
6,5,918.0,1,918,99500
6,5,744.0,1,752,125000
7,7,996.0,1,1744,194500
6,5,1040.0,1,1097,152000
6,6,650.0,1,1564,171000
5,5,816.0,0,1012,67500
6,5,0.0,1,1902,112000
5,7,1109.0,1,1155,148000
5,8,894.0,1,894,138500
5,5,882.0,1,900,122000
5,5,1040.0,1,1040,133000
5,8,1040.0,1,1040,127000
6,6,1208.0,1,1494,169000
7,5,750.0,1,1923,190000
8,5,1231.0,1,2349,362500
8,5,1390.0,1,2225,285000
7,5,1488.0,1,1488,260000
7,5,840.0,1,1680,190000
7,5,600.0,1,1200,155000
7,5,600.0,1,1200,151000
7,5,600.0,1,1200,149500
6,5,600.0,1,1236,152000
7,5,1470.0,1,1478,222000
6,5,756.0,1,1573,177500
6,5,756.0,1,1512,177000
7,5,696.0,1,1416,155000
7,5,530.0,1,1080,147110
8,5,1642.0,1,1418,267916
8,5,975.0,1,1848,254000
8,5,728.0,1,788,155000
8,6,1226.0,1,1226,206000
6,8,725.0,1,1479,130500
7,5,1492.0,1,1492,230000
6,6,1829.0,1,1829,218500
6,5,1280.0,1,2495,243500
6,7,1610.0,1,1610,205000
6,5,1224.0,1,1891,212500
7,5,980.0,1,1714,196500
6,7,1161.0,1,1381,197500
6,6,715.0,1,1645,171000
5,5,1232.0,1,1232,142250
6,5,1328.0,1,1328,143000
4,5,950.0,1,1225,128950
5,5,1209.0,1,1209,159000
5,6,1510.0,1,1510,178900
6,5,533.0,1,1775,136300
5,7,1152.0,1,1152,180500
6,7,936.0,1,1054,137500
5,6,1728.0,1,1728,84900
5,6,1078.0,1,1078,142125
5,7,1140.0,1,2461,197600
6,6,782.0,1,1556,172500
5,7,858.0,1,858,116500
3,2,728.0,1,1306,76500
5,5,1056.0,1,1063,128000
6,6,1156.0,1,1520,153000
5,6,1268.0,1,1268,132000
6,8,1080.0,1,1128,178000
5,5,1105.0,1,2274,154300
7,5,1947.0,1,2207,180000
6,6,1517.0,1,1888,190000
5,5,1604.0,1,1604,135000
7,5,1480.0,1,1480,214000
5,5,1143.0,1,1143,136000
5,5,1398.0,1,1700,165500
5,6,1314.0,1,1314,145000
6,6,1194.0,1,1194,148000
5,5,1188.0,1,1188,142000
5,5,1268.0,1,1264,167500
5,5,1206.0,1,1206,108538
6,5,1244.0,1,1580,159500
4,5,832.0,1,1337,108000
5,7,864.0,1,1064,135000
5,6,972.0,1,972,122500
5,5,988.0,1,988,119000
5,7,1057.0,1,1057,109000
4,7,576.0,1,985,105000
5,7,0.0,1,827,107500
5,7,1086.0,1,1086,144900
5,7,936.0,1,936,129000
6,5,912.0,1,1458,97500
6,5,1056.0,1,1056,144000
5,7,1063.0,1,1287,162000
7,7,710.0,1,2978,242000
6,8,816.0,1,1224,132000
5,7,1246.0,1,1246,154000
5,4,910.0,1,1385,166000
5,7,900.0,1,900,134800
6,6,1116.0,1,1116,160000
5,6,1175.0,1,1175,148000
6,7,1395.0,1,1395,192000
6,5,756.0,1,1839,155000
4,5,709.0,1,1844,80400
4,7,576.0,1,1140,96500
5,7,936.0,1,936,109500
5,6,1008.0,1,1028,115000
5,7,1347.0,1,1347,143000
3,6,840.0,0,1605,107400
4,6,747.0,1,747,80000
5,7,788.0,1,804,119000
5,7,926.0,1,1316,130000
6,7,827.0,1,1251,119000
5,7,1027.0,1,1633,129000
5,6,1008.0,1,1245,100000
2,2,678.0,0,832,12789
6,8,624.0,1,720,105900
8,9,930.0,0,1566,150000
5,6,686.0,1,1652,139000
8,9,346.0,1,2268,240000
5,3,840.0,0,2256,76500
6,7,912.0,1,1236,149700
4,7,622.0,1,1363,125500
4,6,777.0,1,2290,122500
6,7,738.0,1,1470,140750
5,6,988.0,1,1612,128500
7,7,1108.0,0,2068,209500
4,7,765.0,0,765,87000
6,7,608.0,1,1132,134000
6,6,572.0,1,1196,128000
5,6,835.0,1,1453,132000
6,7,780.0,1,1416,139900
5,7,528.0,1,1040,123900
5,5,928.0,1,1536,138400
6,5,1124.0,1,1068,109500
7,6,576.0,1,1710,140000
4,5,888.0,1,1962,149500
6,8,780.0,1,1560,159900
6,8,662.0,1,1324,122000
5,5,816.0,0,816,110000
4,5,0.0,0,1092,55000
5,9,360.0,1,1812,140000
7,7,1032.0,1,2403,244400
5,5,1422.0,1,1675,173000
5,3,689.0,0,1224,107500
5,4,1212.0,0,1392,100000
6,5,600.0,0,919,95000
4,1,707.0,0,1884,93369
5,7,856.0,1,1680,114900
5,8,780.0,0,1020,94000
4,3,1832.0,0,1832,136000
4,5,1768.0,0,1768,136500
5,4,1039.0,1,1039,131500
5,6,1392.0,1,1392,121500
5,5,912.0,1,912,125000
5,8,1060.0,1,1060,154000
5,7,864.0,1,892,137900
6,7,663.0,1,1352,158000
5,5,864.0,1,864,137250
5,5,1319.0,1,1373,160250
5,5,720.0,1,1440,163000
6,5,672.0,1,1386,158900
7,5,1306.0,1,2260,328000
7,7,1420.0,1,1483,270000
4,4,660.0,0,756,85000
4,7,1067.0,1,1067,128000
7,6,1332.0,1,1524,260000
6,5,1117.0,1,1981,230000
3,4,972.0,1,1610,124000
5,5,458.0,0,835,83000
6,7,663.0,1,1074,144500
5,6,1144.0,1,1144,129000
4,6,756.0,1,1531,127000
5,7,1172.0,1,1172,128000
6,5,1212.0,1,1212,186000
7,5,1508.0,1,1508,308030
5,3,1250.0,1,1298,114000
4,7,0.0,1,930,84900
6,5,741.0,1,1732,178000
7,5,1433.0,1,1433,270000
6,7,946.0,1,1802,218000
7,5,1050.0,1,1949,236000
6,6,936.0,1,996,147000
8,5,1694.0,1,1694,245350
7,5,1187.0,1,1208,206000
7,5,1226.0,1,1226,198900
7,5,1222.0,1,1222,187000
7,5,1673.0,1,3222,320000
6,8,676.0,1,1445,138500
6,7,1010.0,1,1052,155000
5,5,870.0,1,965,159000
7,5,878.0,1,1692,191000
6,5,804.0,1,1682,200500
5,8,1026.0,1,1026,150000
6,7,689.0,1,1392,161750
5,6,894.0,1,894,128200
5,6,876.0,1,876,127000
8,5,1978.0,1,1978,318000
8,5,1581.0,1,1601,272000
7,6,941.0,1,1829,237000
7,5,1040.0,1,2098,240000
7,5,1649.0,1,1661,224900
6,5,848.0,1,848,143750
6,5,848.0,1,848,143000
8,5,1657.0,1,1668,232000
7,5,1473.0,1,1484,213000
7,5,1414.0,1,1414,185500
3,6,0.0,0,640,84900
5,6,381.0,1,992,155891
5,5,0.0,0,1664,100000
5,6,1196.0,1,1196,144000
4,5,744.0,0,1120,64000
6,6,1008.0,1,1096,125200
6,5,1029.0,1,1117,107000
4,5,960.0,1,960,90000
4,5,1121.0,1,1121,140000
6,4,735.0,1,1487,113000
4,4,672.0,0,924,80000
5,6,1216.0,1,1526,144500
5,6,1107.0,0,1296,104000
6,4,806.0,0,1647,128000
3,3,864.0,0,864,58500
5,6,1026.0,1,1691,127000
6,6,856.0,1,856,126000
4,6,0.0,1,2650,160000
5,2,894.0,1,1666,100000
6,7,804.0,1,2447,169000
7,6,1528.0,1,2133,257500
5,6,1032.0,1,2177,215000
7,9,1152.0,1,2340,266500
7,8,1902.0,1,1902,335000
7,6,423.0,1,1652,203135
8,6,982.0,1,1034,185000
8,5,1191.0,1,1191,162500
7,8,1501.0,1,1801,289000
4,8,796.0,1,1154,125500
2,5,480.0,1,540,82000
6,5,629.0,1,1107,110000
4,4,698.0,1,1128,68400
4,7,859.0,1,1178,102776
5,5,540.0,0,1044,55993
4,7,756.0,1,952,50138
8,5,1594.0,1,1646,246000
8,5,1049.0,1,1916,254900
6,7,1243.0,1,1285,190000
7,5,1560.0,1,1560,201000
6,5,1012.0,1,1034,169900
6,5,1958.0,1,2048,170000
5,5,747.0,1,1687,160000
7,5,1336.0,1,1346,220000
7,5,1214.0,1,1214,179781
5,5,384.0,1,1444,174000
8,5,774.0,1,1968,269500
7,5,817.0,1,1894,214900
8,5,967.0,1,1908,202900
9,5,2002.0,1,2018,378500
5,5,1068.0,1,1264,169000
5,5,1430.0,1,1430,173500
6,5,912.0,1,1824,139000
5,5,1344.0,1,1344,166500
4,5,546.0,1,1092,83500
5,6,945.0,1,945,119500
5,3,536.0,1,1112,85000
4,7,546.0,1,1092,76000
4,6,630.0,1,630,75500
4,4,546.0,1,1092,88250
4,6,546.0,1,1092,85500
5,7,864.0,1,874,130000
5,7,1188.0,1,1188,157900
5,7,833.0,1,833,149900
5,2,1216.0,1,2432,159000
5,5,624.0,1,1274,136000
5,5,864.0,1,1479,161000
8,5,1679.0,1,1803,285000
6,5,1152.0,1,1797,231000
6,5,882.0,1,882,124500
6,5,1434.0,1,1434,157000
8,7,1952.0,1,2704,345000
6,5,945.0,1,1608,189500
8,5,1008.0,1,2283,270000
7,5,384.0,1,1628,189000
9,5,1746.0,1,1746,377500
7,5,384.0,1,1474,168500
8,5,2208.0,1,2522,375000
8,5,1501.0,1,1659,278000
8,5,1418.0,1,1478,240000
8,5,1587.0,1,1734,239500
7,5,384.0,1,1382,177500
7,5,832.0,1,1718,185000
6,5,952.0,1,1636,191000
6,7,799.0,1,1571,178000
6,8,680.0,1,1470,185000
6,5,707.0,1,1516,181316
6,5,1181.0,1,1190,166000
6,5,808.0,1,1593,178000
6,5,702.0,1,1481,174000
6,6,1158.0,1,1167,173000
7,5,978.0,1,1983,225000
7,5,1424.0,1,1442,180500
8,5,1220.0,1,1360,187500
9,5,2216.0,1,2234,501837
8,5,2046.0,1,2046,372500
7,5,1530.0,1,1530,260000
5,6,1122.0,1,1934,185000
7,7,845.0,1,2353,260000
6,5,1362.0,1,1586,181000
7,5,1386.0,1,1411,82500
6,7,1602.0,1,1602,215000
7,6,832.0,1,2050,154000
6,6,1427.0,1,1671,200000
7,7,1043.0,1,2673,249000
7,5,1372.0,1,1472,187500
6,5,1140.0,1,1707,184000
8,5,2524.0,1,2524,278000
7,5,1271.0,1,1601,157000
7,5,1090.0,1,1370,152000
5,7,780.0,1,1868,197500
7,5,926.0,1,1884,240900
8,5,832.0,1,1935,263435
8,5,1058.0,1,1874,220000
8,5,972.0,1,1811,235000
5,7,1621.0,1,1621,213000
6,6,1116.0,1,1116,167900
7,5,1176.0,1,1193,158000
6,5,1064.0,1,1350,165000
6,6,689.0,1,2119,158000
5,5,896.0,1,1792,136000
5,6,1002.0,1,1002,148500
6,8,1026.0,1,1026,156000
5,5,1180.0,1,1180,128000
5,7,1043.0,1,1050,143000
4,6,864.0,1,864,76500
4,6,864.0,1,864,120500
4,7,864.0,1,864,124500
4,6,864.0,1,864,97000
4,7,864.0,1,864,130000
6,5,483.0,1,987,111000
5,6,765.0,1,1365,125000
5,5,630.0,1,1302,112000
6,6,483.0,1,987,97000
6,8,483.0,1,987,118000
5,7,630.0,1,1302,119500
6,6,958.0,1,958,143750
6,5,804.0,1,1548,146000
6,6,855.0,1,1456,148500
7,5,1057.0,1,1055,123000
6,5,855.0,1,1322,147000
6,5,855.0,1,1456,137900
6,5,804.0,1,1548,147000
6,6,855.0,1,1441,148500
6,5,855.0,1,1456,138000
7,6,836.0,1,836,128500
5,5,892.0,1,892,100000
5,7,864.0,1,1120,148800
10,5,1700.0,1,1718,337500
9,5,1776.0,1,2772,462000
9,5,1926.0,1,3140,485000
10,5,3094.0,1,2402,555000
9,5,1652.0,1,1652,325000
8,5,1566.0,1,1600,256300
8,5,2042.0,1,2042,253293
9,5,1365.0,1,2690,398800
9,5,1104.0,1,2184,335000
9,5,2020.0,1,2020,404000
10,5,2006.0,1,2020,402861
10,5,1722.0,1,2296,451950
10,5,2630.0,1,2674,610000
9,5,1734.0,1,2822,582933
9,5,1736.0,1,1736,360000
8,5,1782.0,1,1782,296000
8,5,1508.0,1,2520,409900
8,5,1709.0,1,1717,255500
9,5,1739.0,1,1743,335000
8,5,1713.0,1,1713,274900
9,5,1504.0,1,1531,300000
9,5,1774.0,1,1808,324000
9,5,1462.0,1,2224,350000
8,5,1836.0,1,1836,280000
8,5,3206.0,1,1629,284000
7,5,1760.0,1,1760,269500
7,5,1502.0,1,1502,233170
10,5,2392.0,1,2392,386250
9,5,2452.0,1,2452,445000
8,5,1082.0,1,2400,290000
8,5,1598.0,1,1606,255900
6,5,1358.0,1,1358,213000
6,5,1306.0,1,1306,196000
6,5,1306.0,1,1306,184500
7,5,1350.0,1,1358,212500
7,5,1314.0,1,1314,230000
10,5,2492.0,1,2492,552000
8,5,2200.0,1,2200,382500
9,5,1884.0,1,1884,320000
9,5,1451.0,1,1456,248500
8,5,1712.0,1,1712,286500
8,5,1324.0,1,1324,254000
7,5,1405.0,1,1405,173000
7,5,764.0,1,1626,173000
7,5,728.0,1,1456,184000
6,5,745.0,1,1490,167800
6,5,742.0,1,1484,174000
6,5,684.0,1,1560,174000
7,5,1373.0,1,1555,174000
7,5,1386.0,1,1569,175900
7,5,1373.0,1,1555,192500
7,5,1346.0,1,1504,181000
7,5,1220.0,1,1220,180000
7,5,1145.0,1,1145,160200
7,5,716.0,1,1432,188500
6,5,1010.0,1,2267,200000
7,5,384.0,1,1374,170000
7,5,868.0,1,1630,189500
8,5,408.0,1,1419,184100
7,5,846.0,1,1594,195500
7,5,782.0,1,1489,192000
7,5,698.0,1,1342,178000
7,5,1314.0,1,1314,207500
7,5,952.0,1,2256,236000
8,5,870.0,1,2004,257500
6,5,992.0,1,2054,244000
7,5,384.0,1,1374,167000
6,5,982.0,1,1800,179000
6,5,794.0,1,1514,190000
7,5,384.0,1,1430,156000
7,5,1177.0,1,2312,245000
6,5,841.0,1,1675,181000
7,5,992.0,1,2060,214000
7,6,384.0,1,1430,168000
8,5,1252.0,1,2365,337000
8,5,1462.0,1,2794,403000
8,5,1455.0,1,2687,327000
8,5,1284.0,1,2450,340000
8,5,1225.0,1,2612,336000
7,5,1264.0,1,2344,265000
8,5,2024.0,1,2063,315000
7,5,1347.0,1,2646,260000
7,5,1070.0,1,2061,260000
8,5,1173.0,1,2232,263550
8,7,1629.0,1,2448,402000
7,6,973.0,1,1850,248000
8,5,1468.0,1,1468,244600
8,5,1696.0,1,1696,275000
8,5,1614.0,1,1658,257500
8,5,1573.0,1,1578,287090
8,5,1702.0,1,1702,275500
8,5,1422.0,1,1432,245000
7,5,1113.0,1,1971,253000
9,5,2458.0,1,2490,468000
7,5,900.0,1,1852,252678
8,5,768.0,1,1590,210000
6,5,1218.0,1,1218,208300
7,5,1436.0,1,1436,225000
8,5,1300.0,1,1314,229456
7,5,1402.0,1,1402,229800
9,5,1530.0,1,1530,250000
9,5,1766.0,1,1766,370878
8,5,1372.0,1,1448,238500
10,5,1017.0,1,2007,310000
8,5,900.0,1,1795,270000
8,5,1082.0,1,1953,252000
7,5,1092.0,1,1550,241000
8,5,1836.0,1,1836,264500
7,5,1652.0,1,1662,291000
7,5,912.0,1,2094,263000
7,5,1221.0,1,1221,185000
7,5,1553.0,1,1553,234500
7,5,812.0,1,1653,209000
7,6,1218.0,1,1218,159000
7,5,1141.0,1,1141,152000
6,5,1158.0,1,1158,143500
7,5,835.0,1,1812,193000
8,5,1512.0,1,1512,203000
7,5,1176.0,1,1200,184900
7,5,1114.0,1,1114,159000
5,5,1114.0,1,1114,142000
5,5,1114.0,1,1114,153000
7,5,1450.0,1,1450,224243
7,5,913.0,1,2122,220000
8,5,1844.0,1,1844,257000
7,5,1454.0,1,1434,189000
6,6,816.0,1,1730,171500
6,6,626.0,1,1217,120000
6,5,1332.0,1,1332,145000
7,5,754.0,1,1540,184000
6,7,676.0,1,1400,162000
6,7,0.0,1,1882,160000
4,4,721.0,1,841,82000
6,3,784.0,0,784,76000
5,5,980.0,1,980,110000
5,6,980.0,1,980,135000
5,6,864.0,1,864,141000
5,5,864.0,1,864,122000
5,5,1024.0,1,1020,124100
5,8,912.0,1,912,129000
5,6,864.0,1,1144,131400
5,5,864.0,1,864,62383
5,6,912.0,1,912,123000
8,8,2014.0,1,2014,275000
7,8,975.0,1,1755,235000
7,5,1376.0,1,3005,280750
6,5,612.0,1,1224,164500
6,5,612.0,1,1224,173733
6,5,1726.0,1,1726,222000
6,5,1145.0,1,1256,195000
6,5,729.0,1,1471,172500
6,5,756.0,1,1512,180000
7,5,691.0,1,1452,156000
8,5,970.0,1,1739,172500
8,9,1694.0,1,1694,318750
8,5,1226.0,1,1226,211500
7,5,1740.0,1,1740,241600
8,5,392.0,1,2499,180500
4,4,1281.0,1,1620,150000
6,6,727.0,1,1556,154000
6,6,1442.0,1,1442,185000
6,7,1489.0,1,1489,185750
7,6,1107.0,1,2090,200000
7,6,752.0,1,2067,206000
6,6,723.0,1,1395,162000
6,7,932.0,1,2640,256900
6,5,1680.0,1,1724,197900
5,5,1288.0,1,1336,163000
6,5,1216.0,1,1216,113000
7,7,908.0,1,2288,230000
6,5,1350.0,1,1334,167900
7,5,1650.0,1,1680,213250
8,6,810.0,1,1665,227000
5,6,864.0,1,864,130000
5,5,1568.0,1,1568,143000
5,6,925.0,1,925,117500
7,5,1165.0,1,2061,168500
6,5,1232.0,1,1320,172500
6,5,1372.0,1,1342,161500
4,7,894.0,1,894,141500
5,7,864.0,1,864,118000
6,6,864.0,1,864,127500
4,5,1040.0,1,1362,140000
5,6,1048.0,1,1728,177625
5,5,1584.0,1,1776,110000
6,6,1516.0,1,1516,167000
5,6,1313.0,1,1313,153000
5,5,1292.0,1,1292,145100
5,6,1154.0,1,1154,154000
5,6,744.0,1,2140,177500
6,6,1127.0,1,1445,158000
5,6,1041.0,1,1041,124500
6,6,1208.0,1,1576,174500
5,5,960.0,1,960,122000
4,7,420.0,1,708,82500
5,4,709.0,1,1203,110000
6,4,1505.0,1,1505,149500
6,5,1680.0,1,1691,175000
6,5,1416.0,1,1644,167000
5,6,1050.0,1,1050,128900
6,8,856.0,1,1668,140000
5,7,1113.0,1,1113,147000
5,5,1584.0,1,1584,124000
6,6,1453.0,1,1453,187500
6,5,1394.0,1,1394,159000
6,8,1562.0,1,1567,256000
7,6,768.0,1,1986,205000
6,6,896.0,1,2142,193500
6,3,1392.0,1,1392,110000
4,4,715.0,1,1738,104900
5,7,1169.0,1,1144,150000
6,3,1478.0,1,1478,156500
7,6,1329.0,1,1329,176000
6,8,988.0,1,988,149500
6,6,1240.0,1,1632,139000
6,7,1215.0,1,1215,155000
5,5,1202.0,1,1202,120000
5,5,1382.0,1,1382,153000
4,5,1200.0,1,1200,144000
6,5,1362.0,1,1382,176000
5,6,1297.0,1,1297,153000
5,4,1866.0,1,1866,135000
6,7,1062.0,1,1062,131000
5,6,608.0,1,1319,123000
5,5,631.0,1,1112,126000
4,5,1005.0,1,1005,115000
5,7,1008.0,1,1363,164900
5,6,793.0,1,793,113000
5,8,1031.0,1,1031,145500
5,5,0.0,1,1210,102900
3,5,978.0,1,1699,95000
7,7,699.0,1,1527,152500
5,6,1200.0,1,1200,129900
6,6,972.0,1,972,132000
3,5,792.0,1,792,99900
5,7,660.0,1,1656,135000
5,7,676.0,1,1352,149000
4,8,405.0,1,1039,114000
5,8,768.0,1,792,109500
5,7,1054.0,1,1078,125000
4,5,1313.0,1,2377,142900
7,9,560.0,1,1690,156500
2,5,416.0,0,599,59000
4,6,840.0,1,1374,105000
5,7,720.0,0,846,106000
3,5,630.0,1,725,78500
6,5,1248.0,1,2544,190000
6,7,1380.0,1,1380,154000
6,4,1040.0,1,1040,163000
5,5,1248.0,1,2634,200000
6,9,951.0,1,951,143500
6,6,1105.0,1,1105,135000
5,7,992.0,1,1306,153000
6,5,1478.0,1,1478,157500
6,6,160.0,1,1142,113500
5,7,832.0,1,1268,133000
3,4,0.0,0,1040,92900
6,5,795.0,0,1133,128500
4,5,0.0,0,1040,90000
5,4,1208.0,1,1904,138000
5,6,1041.0,1,1041,128000
5,6,1029.0,1,1339,139000
5,7,732.0,1,732,118900
5,5,528.0,1,1183,138000
5,5,1148.0,1,1148,132500
4,7,832.0,1,1461,133500
6,7,864.0,1,1495,135000
6,5,780.0,1,1806,144750
5,7,941.0,1,941,145000
6,6,1045.0,1,1045,127000
5,5,894.0,0,894,109500
6,8,818.0,1,1224,115000
5,6,440.0,1,1230,110000
6,8,901.0,1,1378,128900
6,5,972.0,0,1944,103500
5,6,676.0,1,1131,66500
5,8,240.0,1,1306,130000
5,8,504.0,1,1464,129000
5,6,690.0,1,1558,150000
5,4,994.0,0,2372,107500
4,6,600.0,0,1701,94550
5,5,960.0,1,1960,124500
7,8,651.0,1,1389,135000
5,5,801.0,0,1447,103000
4,4,936.0,0,936,93000
5,7,768.0,1,1328,129500
5,4,811.0,1,1387,93000
4,6,861.0,1,861,80000
2,4,0.0,0,612,45000
3,6,600.0,0,968,37900
5,8,190.0,1,886,91300
5,8,624.0,1,792,99500
4,5,736.0,1,1452,113000
4,4,677.0,1,1510,87500
5,7,720.0,1,1284,110000
5,5,849.0,0,2138,106000
7,7,1240.0,0,2640,265979
6,7,917.0,1,2007,160000
6,7,624.0,1,1288,119000
8,9,916.0,1,1742,168000
4,3,624.0,1,816,58500
7,9,650.0,1,1482,143000
5,4,1022.0,0,1022,85000
5,6,1088.0,1,1869,124900
6,6,972.0,1,1480,119000
6,7,741.0,1,1521,146500
4,5,720.0,0,720,34900
3,3,245.0,0,797,44000
5,6,1324.0,1,1576,223500
6,6,1022.0,0,1432,149000
7,7,952.0,0,1548,205000
5,7,297.0,1,1654,137000
6,6,952.0,0,952,121000
4,6,672.0,1,1324,128000
6,9,698.0,1,1176,134900
5,8,884.0,1,1348,117000
6,6,780.0,1,1412,132500
5,5,468.0,1,1142,93000
6,7,884.0,1,904,119000
5,5,1145.0,1,1301,100000
5,6,927.0,1,1539,141500
4,7,884.0,1,1573,133000
2,3,264.0,0,800,60000
5,7,715.0,1,875,105000
5,6,960.0,1,995,115000
5,6,952.0,1,1582,150000
5,5,1072.0,1,1072,126500
6,6,844.0,0,2134,214500
7,8,728.0,0,2019,167500
6,6,1048.0,1,1768,155000
7,8,910.0,1,1826,155000
7,8,672.0,1,1944,179900
6,6,755.0,1,2229,104000
5,1,1040.0,0,2128,62500
6,5,720.0,1,1930,149000
4,5,780.0,1,1208,103000
6,7,483.0,1,1427,123000
7,5,1020.0,0,1864,97500
6,6,1204.0,1,1666,135000
4,6,858.0,1,892,70000
6,7,698.0,1,1403,116000
4,9,560.0,1,704,88750
5,5,1200.0,1,1200,179000
5,5,1200.0,1,1200,179000
5,5,1152.0,1,1152,159900
1,1,683.0,0,904,61000
6,6,672.0,0,1369,103600
5,3,585.0,0,1112,63000
5,6,520.0,1,1464,175000
5,6,1121.0,1,1121,139000
6,5,918.0,1,1683,172500
5,6,1052.0,1,1052,113500
5,7,864.0,1,899,130000
6,5,456.0,1,1034,149900
5,5,858.0,1,858,134900
5,6,840.0,1,860,137000
5,5,1092.0,1,1092,139000
5,5,552.0,1,1774,165000
6,5,1138.0,1,1138,148000
5,5,825.0,1,2071,165000
2,2,0.0,0,660,63900
4,5,1104.0,1,1788,161500
5,8,1437.0,1,1473,143000
4,6,1134.0,1,1229,135000
4,5,861.0,1,861,82500
5,5,1617.0,1,1867,190000
3,5,0.0,1,1733,139600
4,5,0.0,1,1383,122000
6,5,1436.0,1,1689,127500
5,5,1073.0,1,1073,121500
5,3,1276.0,1,1276,60000
6,7,747.0,1,1639,154400
4,6,672.0,1,672,113000
5,6,1089.0,1,1089,125000
4,3,0.0,0,845,84000
5,5,1049.0,1,1049,139500
5,4,768.0,1,1716,131000
6,5,560.0,1,1258,105000
4,5,755.0,1,1510,108000
7,6,1054.0,1,1061,162000
6,5,520.0,1,1338,156500
8,8,1496.0,1,2132,316600
7,7,2158.0,1,2196,271900
7,5,740.0,1,1775,213000
7,5,1079.0,1,1879,239900
8,5,1128.0,1,2020,239500
5,7,0.0,1,2016,131000
5,5,0.0,1,1535,118964
5,5,1086.0,1,1224,153337
5,5,0.0,1,2228,147983
5,5,0.0,1,1535,118858
5,5,0.0,1,1535,118858
5,5,0.0,1,2240,142953
5,5,1094.0,1,1229,148325
5,5,0.0,1,1513,113722
7,5,1168.0,1,2787,269500
7,5,1168.0,1,2787,269500
7,5,1168.0,1,2787,269500
9,5,1555.0,1,1680,323262
8,5,1705.0,1,1718,297000
8,5,1622.0,1,1630,295493
9,5,1720.0,1,1720,332000
8,5,1468.0,1,1468,239900
8,5,866.0,1,1768,212000
8,5,1838.0,1,1838,272500
9,5,1800.0,1,1800,239000
7,5,1604.0,1,1604,220000
7,5,1282.0,1,1290,200000
8,5,1254.0,1,1254,221800
7,5,1232.0,1,1232,194500
8,5,1498.0,1,1498,237000
6,5,704.0,1,1422,173000
7,5,1518.0,1,1644,275000
7,5,1449.0,1,1759,233500
5,5,1013.0,1,2126,185000
5,5,1040.0,1,1040,152000
5,7,990.0,1,990,143000
6,5,928.0,1,1764,231500
7,6,799.0,1,1661,212000
7,5,1463.0,1,1463,207000
5,5,1097.0,1,1097,145000
5,5,990.0,1,990,138000
7,5,866.0,1,1779,197900
7,5,1490.0,1,1501,204000
7,5,1431.0,1,1431,192000
6,5,928.0,1,1772,200000
7,5,831.0,1,1660,195000
7,5,1573.0,1,1573,227000
7,5,944.0,1,1840,230000
7,5,1413.0,1,1430,187100
7,5,1431.0,1,1444,203000
7,5,1492.0,1,1492,201000
5,5,1040.0,1,1040,124000
5,5,907.0,1,907,140000
5,7,914.0,1,914,134900
5,7,1040.0,1,1040,150500
5,8,864.0,1,864,136500
5,7,1268.0,1,1268,143500
5,6,864.0,1,864,133500
5,5,894.0,1,894,123000
5,8,768.0,1,768,133900
5,7,768.0,1,768,133000
7,5,1569.0,1,1611,250000
8,5,1068.0,1,2184,254750
8,5,1753.0,1,1788,236500
8,5,1299.0,1,1872,261500
9,5,1440.0,1,2153,313000
7,5,840.0,1,1725,198500
7,5,944.0,1,1870,211000
8,5,1462.0,1,1513,220000
7,5,1504.0,1,1504,203000
8,5,1822.0,1,1828,279500
7,5,1417.0,1,1417,210000
7,5,1057.0,1,2034,219500
7,5,880.0,1,1716,191000
7,5,1212.0,1,1212,178000
7,5,1630.0,1,1630,213000
6,5,848.0,1,848,144000
6,5,848.0,1,848,140000
8,5,1578.0,1,1602,293200
7,5,864.0,1,1728,190000
7,5,1500.0,1,1500,190000
6,5,738.0,1,1476,173500
6,5,608.0,1,1396,170000
4,5,0.0,1,1126,108000
5,7,1486.0,1,1486,167000
4,6,816.0,1,816,100000
7,5,0.0,1,1922,198500
6,6,690.0,1,1426,159500
4,6,1014.0,1,1149,127000
6,6,1041.0,1,1125,125000
9,5,1698.0,1,1698,320000
6,5,547.0,1,1072,145500
5,9,698.0,1,698,118000
4,5,876.0,1,876,85000
5,5,1078.0,1,1368,120000
4,3,0.0,0,1529,98000
5,8,864.0,1,864,99900
3,3,0.0,0,944,82000
5,5,1678.0,1,1678,119900
5,5,1150.0,1,1560,103500
4,3,672.0,1,960,112000
6,8,684.0,1,1196,110000
5,6,720.0,1,1298,122000
5,5,984.0,1,1604,117000
5,4,832.0,1,1268,160000
5,5,793.0,1,1520,159434
2,5,290.0,0,438,60000
6,7,778.0,1,1489,139500
7,3,824.0,1,3082,197000
6,6,583.0,1,1242,105000
4,3,1122.0,1,1981,135000
6,8,816.0,1,1232,147500
6,6,976.0,1,1608,137450
7,9,560.0,1,1135,155000
6,6,896.0,1,1913,177000
7,7,861.0,1,1477,145000
7,8,600.0,1,1228,137000
7,9,1276.0,1,2080,234000
5,6,840.0,1,1567,205000
6,7,771.0,1,1494,177500
5,7,728.0,1,1308,160000
5,4,1273.0,1,1273,155000
5,7,876.0,1,964,163500
5,6,731.0,1,1343,154900
7,6,920.0,1,2480,205000
5,6,1112.0,1,1112,144800
7,7,704.0,1,1564,174500
6,6,1561.0,1,1561,193000
5,7,1067.0,0,1523,158000
6,8,1092.0,1,1152,158500
6,5,1310.0,1,1906,224000
6,6,516.0,1,1032,115000
6,6,561.0,1,1229,137000
6,6,561.0,1,1229,121000
6,6,561.0,1,1229,124000
6,6,572.0,1,1982,208000
7,9,1803.0,1,2365,315000
6,9,880.0,1,1680,222000
5,7,672.0,1,1344,147000
5,6,760.0,0,2168,123000
5,5,596.0,0,1192,78000
3,2,1013.0,0,1526,85000
4,6,572.0,0,572,75000
8,5,1596.0,1,1648,230000
2,4,0.0,0,810,57625
8,5,1107.0,1,2052,251000
7,5,1434.0,1,2149,239686
7,5,1710.0,1,1710,240000
6,5,804.0,1,1961,215000
6,6,902.0,1,926,156450
6,7,957.0,1,1287,173000
5,5,0.0,1,1734,126000
7,5,1188.0,1,1217,173000
5,5,1582.0,1,1595,152000
6,6,819.0,1,1344,137500
7,5,2136.0,1,2036,375000
9,5,1620.0,1,1620,315500
7,5,846.0,1,1692,224500
9,5,2190.0,1,2036,410000
9,5,1641.0,1,1641,316500
8,5,1466.0,1,1466,201000
6,5,1392.0,1,1412,175000
6,8,712.0,1,2237,204000
7,5,1645.0,1,1479,213500
8,5,1267.0,1,1296,220000
7,5,912.0,1,2014,170000
9,5,1838.0,1,1838,315000
9,5,1978.0,1,1978,425000
5,7,1008.0,1,1008,139500
5,4,0.0,1,1771,115000
6,5,1204.0,1,1204,162000
6,5,1224.0,1,1224,165000
4,5,462.0,1,988,91000
5,6,864.0,1,874,130000
4,8,630.0,1,630,86000
5,5,1188.0,1,1404,160000
4,4,630.0,1,630,80000
4,6,546.0,1,1344,97000
4,4,546.0,1,1092,88000
5,8,796.0,1,796,131900
6,5,384.0,1,1091,131250
5,6,1097.0,1,1110,165500
5,5,833.0,1,833,112000
5,6,828.0,1,883,149000
5,5,796.0,1,1362,143000
5,5,624.0,1,1287,130000
6,5,1567.0,1,1567,196000
5,7,784.0,1,1632,173000
6,8,1184.0,1,1414,176500
6,7,1205.0,1,2117,237500
6,5,952.0,1,2112,206900
6,5,926.0,1,1604,187500
6,5,680.0,1,1470,165000
6,5,926.0,1,1604,195500
6,5,943.0,1,1638,192000
6,5,916.0,1,1636,173000
5,5,1348.0,1,1384,177900
7,5,729.0,1,1446,175000
8,5,1593.0,1,1593,286000
8,5,1664.0,1,1682,247900
8,5,1337.0,1,1337,180000
8,5,1280.0,1,1280,180000
6,5,926.0,1,1604,181000
6,5,932.0,1,1633,183000
6,5,773.0,1,1658,188000
7,5,712.0,1,1895,194500
6,5,836.0,1,1709,185000
8,5,1228.0,1,1228,189000
8,5,1337.0,1,1337,188500
8,5,1168.0,1,2500,355000
9,5,1122.0,1,2504,325000
9,5,1884.0,1,1884,387000
6,2,1632.0,1,1474,115000
9,5,1710.0,1,1710,334000
6,5,1488.0,1,1488,133000
7,6,791.0,1,2093,215000
7,6,1675.0,1,1688,226500
6,6,1422.0,1,1422,175500
7,7,1260.0,1,1260,181900
7,5,2048.0,1,2064,235000
7,5,1782.0,1,1782,220000
6,7,1330.0,1,2872,272000
6,5,1211.0,1,1211,161000
5,6,1126.0,1,1126,175000
7,6,738.0,1,2044,185000
5,6,720.0,1,1308,146900
7,7,1420.0,1,2840,292500
6,5,1193.0,1,1523,180000
6,5,1444.0,1,1444,159900
7,6,803.0,1,1964,205000
5,6,1176.0,1,1178,157000
8,5,1236.0,1,2340,306000
5,5,896.0,1,1792,133000
6,8,1054.0,1,1054,151000
4,6,936.0,1,936,111900
5,5,864.0,1,864,123000
4,5,864.0,1,864,111250
6,5,1405.0,1,1337,181000
6,5,483.0,1,987,103400
6,5,483.0,1,987,100000
6,6,483.0,1,987,100500
6,6,483.0,1,987,106000
6,5,483.0,1,987,85400
6,3,483.0,1,987,89500
5,5,630.0,1,1302,111750
6,6,1069.0,1,1069,140000
6,6,855.0,1,1456,143000
7,6,1055.0,1,1055,148500
5,5,864.0,1,892,110000
8,5,1932.0,1,1932,394617
10,5,1682.0,1,2332,426000
10,5,2078.0,1,2084,385000
9,5,1452.0,1,2713,446261
8,5,1582.0,1,1582,317500
8,5,1710.0,1,1710,372402
8,5,2418.0,1,2464,417500
9,5,1950.0,1,1950,383000
9,5,1850.0,1,2748,390000
10,5,1620.0,1,2790,460000
9,5,1414.0,1,2331,379000
8,5,948.0,1,2088,250000
8,5,1148.0,1,2332,316000
10,5,2535.0,1,2470,615000
9,5,1572.0,1,2668,412500
7,5,998.0,1,2046,284000
8,5,1603.0,1,1575,284000
8,5,1479.0,1,2649,421250
8,5,1765.0,1,2690,370000
9,5,1858.0,1,1866,336860
9,5,1702.0,1,1702,367294
7,5,1367.0,1,1367,192000
8,5,1518.0,1,1518,274000
9,5,1684.0,1,1684,266000
9,5,1800.0,1,1800,370967
8,5,1342.0,1,1342,234250
8,5,1342.0,1,1342,219500
7,5,764.0,1,1626,155000
7,5,764.0,1,1626,154000
7,5,1358.0,1,1358,207000
7,5,1415.0,1,1455,195000
7,5,1393.0,1,1576,219990
7,5,1346.0,1,1504,191000
7,5,1266.0,1,1266,159895
7,5,1146.0,1,1246,187687
6,5,789.0,1,1515,179000
6,5,839.0,1,1593,193000
7,5,856.0,1,1166,190000
6,5,728.0,1,1456,176000
7,5,840.0,1,1720,188000
7,5,847.0,1,1986,213000
7,6,1350.0,1,1358,217300
6,5,936.0,1,1792,186500
7,5,982.0,1,1892,226750
7,5,788.0,1,1490,184000
7,5,707.0,1,1414,176000
7,5,1037.0,1,2322,225000
7,5,831.0,1,1651,185900
8,5,1173.0,1,2199,284500
8,5,1470.0,1,2630,315000
8,5,1145.0,1,2198,250000
9,5,1519.0,1,2172,291000
8,5,1982.0,1,2006,350000
7,5,1064.0,1,2125,279500
8,7,1242.0,1,2501,290000
8,6,2109.0,1,2113,350000
7,5,1311.0,1,2418,341000
7,5,1080.0,1,2197,287500
7,5,1223.0,1,2127,271000
8,5,1986.0,1,1987,301500
8,5,1580.0,1,1580,235128
6,5,894.0,1,1933,214000
8,5,1574.0,1,1574,232000
7,5,1578.0,1,1578,240000
9,5,1498.0,1,1506,264132
8,5,1563.0,1,1563,245000
7,5,1417.0,1,1428,227680
8,5,1341.0,1,1861,257000
8,5,955.0,1,1874,297900
8,5,1460.0,1,1460,247000
8,5,1363.0,1,1372,212700
7,5,1372.0,1,1372,250580
7,5,1428.0,1,1428,182000
7,5,866.0,1,1768,226700
8,5,1053.0,1,1992,250000
7,5,1026.0,1,1958,250000
8,5,1034.0,1,2078,339750
7,6,813.0,1,1665,205950
8,5,1660.0,1,1660,256000
7,5,1218.0,1,1218,230348
6,5,864.0,1,1728,207500
7,5,1080.0,1,1080,141000
6,5,835.0,1,1696,188000
7,5,835.0,1,1663,192500
6,5,1175.0,1,1175,146000
5,5,1114.0,1,1114,159000
6,5,1114.0,1,1114,155000
6,5,798.0,1,1640,173000
7,5,1162.0,1,1162,170000
6,5,754.0,1,1609,182000
6,5,886.0,1,1680,163000
6,5,1408.0,1,1679,193500
7,5,832.0,1,1657,189000
6,5,827.0,1,1677,190500
7,5,836.0,1,1737,175000
6,5,1278.0,1,1294,179200
6,5,832.0,1,1710,187000
6,5,1604.0,1,1617,193000
6,5,1199.0,1,1199,153900
5,5,984.0,1,984,128000
5,6,912.0,1,912,144000
5,8,864.0,1,864,135000
5,5,890.0,0,890,115000
5,5,864.0,1,864,119916
6,8,912.0,1,912,142000
6,5,1430.0,1,1430,192000
5,4,1001.0,1,1641,140000
6,5,930.0,1,2683,290000
9,5,1848.0,1,2786,372500
7,5,1391.0,1,1391,196000
7,5,625.0,1,1250,171900
7,5,1235.0,1,1245,178000
6,5,600.0,1,1200,165000
7,5,689.0,1,1392,146000
7,5,689.0,1,1392,146000
7,5,744.0,1,1501,179400
6,5,744.0,1,1549,172900
9,5,1614.0,1,1638,300000
9,5,1310.0,1,1310,285000
9,5,1419.0,1,1419,290000
9,5,1557.0,1,1557,305000
9,5,1698.0,1,1709,328900
7,5,600.0,1,1252,160000
7,5,672.0,1,1404,170000
7,5,858.0,1,1789,223000
8,5,960.0,1,1586,170000
8,5,960.0,1,1607,200000
10,5,970.0,1,2393,345000
8,5,1260.0,1,1288,245500
8,5,1230.0,1,1239,217500
8,5,1719.0,1,1719,324000
6,6,1232.0,1,1232,162500
9,3,994.0,1,2944,150000
8,9,1426.0,1,1671,290000
7,5,952.0,1,1812,205000
7,6,1304.0,1,1682,174000
6,6,1427.0,1,1427,183000
6,5,1740.0,1,1740,150000
6,7,1258.0,1,1258,145000
7,7,1620.0,1,1620,215000
5,6,1625.0,1,1625,140500
6,7,1522.0,1,2614,240000
5,6,732.0,1,1464,141000
5,8,912.0,1,912,147000
5,7,912.0,1,925,135000
5,5,1728.0,1,1728,145000
5,5,1728.0,1,1728,142600
5,5,1656.0,1,1656,135000
7,6,825.0,1,1670,170000
8,9,1142.0,1,2715,299800
6,6,901.0,1,1876,185000
6,8,800.0,1,1632,173000
7,9,944.0,1,999,178400
7,5,832.0,1,1978,176000
5,5,0.0,1,1014,98000
4,6,907.0,1,907,109008
4,7,952.0,1,952,135750
5,6,1120.0,1,1128,155000
6,5,1425.0,1,1425,180500
6,7,1127.0,1,1165,174900
6,6,1136.0,1,1136,140000
6,7,1092.0,1,1092,145000
5,8,1219.0,1,1265,179900
6,5,1248.0,1,1350,168500
5,5,1114.0,1,1114,140000
5,7,1053.0,1,1053,145500
6,6,1252.0,1,1252,142000
4,5,1100.0,1,1100,141000
5,7,1118.0,1,1118,153000
3,6,0.0,0,720,72500
3,6,270.0,1,729,52000
5,6,991.0,1,1077,118000
4,7,348.0,1,906,87000
5,6,1296.0,1,1496,141500
6,5,1032.0,1,1252,119000
5,8,572.0,1,1337,141500
6,6,992.0,1,1661,165500
5,5,1036.0,1,1036,112900
7,6,864.0,1,1820,201800
6,5,1362.0,1,1362,163000
5,6,1144.0,1,1144,139950
6,9,1319.0,1,1537,174000
6,5,1099.0,1,1431,165000
6,7,1104.0,1,1988,227000
5,7,1098.0,1,1098,135000
5,5,1144.0,1,1144,124000
5,7,931.0,1,1283,140000
5,4,1176.0,1,1176,136500
5,7,1248.0,1,1440,185000
6,6,1261.0,1,1261,163000
6,6,1395.0,1,1570,166800
6,5,1196.0,1,1196,139000
6,5,1392.0,1,1392,166000
6,7,1080.0,1,1080,136000
5,5,1104.0,1,1104,133000
5,6,720.0,1,882,116000
5,6,1152.0,1,1152,137500
5,5,984.0,0,950,130000
6,5,998.0,1,1790,180000
5,7,952.0,1,952,139000
5,5,773.0,1,773,110000
5,3,0.0,1,1764,100000
5,5,832.0,1,1216,118500
5,5,1824.0,1,1824,146000
4,6,0.0,0,869,89900
5,8,747.0,1,1159,114000
5,6,913.0,1,1558,140000
4,7,672.0,1,672,86900
5,5,892.0,1,1436,139000
4,7,0.0,0,1294,106250
6,6,858.0,1,1716,171000
5,6,912.0,1,1044,139000
7,7,1312.0,1,1312,186000
6,5,1253.0,1,1253,157000
6,6,1081.0,1,1081,148000
7,7,585.0,1,2069,242000
5,7,105.0,1,910,116000
5,7,876.0,1,876,94000
5,5,0.0,1,1048,98300
5,5,1075.0,1,1507,127000
5,6,1256.0,1,1256,159000
5,5,1027.0,1,1027,125900
5,6,1269.0,1,1269,155000
6,6,768.0,1,1320,138000
6,7,936.0,1,984,112500
6,6,832.0,1,832,105500
6,5,854.0,1,1278,127500
5,5,1800.0,0,1800,130000
5,6,768.0,1,1588,150000
5,7,825.0,1,825,109500
6,5,780.0,1,1796,140000
6,6,780.0,1,1611,167900
5,5,1117.0,1,1117,136870
6,5,192.0,0,1133,143000
5,5,680.0,0,764,73000
5,8,650.0,1,1539,157500
5,7,780.0,1,1323,122600
5,5,680.0,0,1360,111000
6,7,1510.0,1,2792,256000
5,4,672.0,1,672,64000
6,7,728.0,1,1456,139500
4,6,828.0,1,1594,118000
7,5,1362.0,1,2082,200000
4,6,801.0,1,1656,119164
5,5,936.0,0,1740,122250
7,6,931.0,1,1027,120000
6,6,884.0,1,1436,155000
5,6,481.0,0,899,78000
5,9,684.0,1,1080,95000
5,5,789.0,1,789,115000
5,7,924.0,1,1122,147000
5,6,904.0,1,1499,140000
2,5,407.0,0,407,46500
5,6,928.0,1,928,112500
4,7,901.0,1,901,107900
3,1,448.0,1,1588,65000
7,9,1470.0,1,3493,295000
5,5,797.0,0,1627,139500
5,8,876.0,1,1416,153900
7,8,624.0,1,1450,132000
5,5,624.0,0,1344,98000
5,7,346.0,1,1017,114000
5,5,973.0,1,2350,130000
6,5,735.0,0,2058,129500
5,9,572.0,1,1540,129400
7,9,689.0,1,1378,161000
6,7,482.0,0,1912,163000
6,6,742.0,1,1484,128000
8,5,684.0,0,2358,122000
7,7,572.0,1,1111,116900
10,9,1237.0,1,2775,325000
2,1,723.0,0,1086,55000
7,7,1313.0,1,2495,184000
5,6,984.0,1,984,110000
5,5,1050.0,0,1795,131500
5,5,0.0,1,882,97000
4,6,869.0,1,1093,115500
5,7,1008.0,1,1143,138000
7,7,672.0,1,1668,108000
5,6,742.0,1,935,79500
5,5,1024.0,1,1738,153000
5,6,784.0,1,784,109500
5,7,672.0,1,1210,124000
6,9,554.0,1,1290,106900
6,7,981.0,1,1672,164900
5,7,949.0,1,949,119000
6,7,862.0,1,1158,120000
6,7,825.0,1,1497,157000
6,5,739.0,1,1342,105000
6,7,992.0,1,1013,113000
5,7,565.0,1,1216,115000
4,7,704.0,1,1136,123000
5,6,0.0,0,808,81300
5,7,1078.0,1,1573,162900
7,5,989.0,1,2009,150000
5,5,1100.0,1,1902,123500
7,5,952.0,1,1774,129900
6,8,611.0,1,1362,128000
4,6,520.0,0,520,68500
5,5,672.0,1,1285,127000
6,7,833.0,1,1848,207000
7,6,1026.0,1,1820,184000
6,4,810.0,1,1716,162500
5,5,883.0,1,1505,145000
6,7,816.0,1,838,130000
6,8,1242.0,1,1984,160000
8,7,588.0,1,1666,161000
6,8,796.0,1,1609,127500
6,6,768.0,1,768,93850
6,6,768.0,1,1536,136000
6,6,1272.0,1,1969,141000
5,6,880.0,1,1308,120000
6,7,1040.0,1,1040,127500
6,6,768.0,1,1236,127000
6,7,319.0,1,1406,89500
5,7,825.0,1,825,125000
6,7,901.0,1,1198,79900
5,8,451.0,1,759,85000
3,3,536.0,0,1344,82375
6,7,756.0,1,1469,135000
5,6,1046.0,0,1054,124000
5,5,952.0,1,1211,134000
5,5,720.0,1,1271,135000
4,4,0.0,1,1588,134432
5,7,644.0,1,1355,127500
5,6,981.0,1,1075,148000
5,5,1040.0,1,1040,129500
6,5,1008.0,1,1096,157500
5,7,876.0,1,904,109900
5,7,992.0,1,992,145000
5,7,894.0,1,894,130000
6,8,450.0,1,1034,153000
5,5,1073.0,1,1073,120000
5,5,1060.0,1,1126,152000
4,4,1198.0,1,1258,108959
5,4,1300.0,1,1140,95541
5,3,1006.0,1,1006,80000
5,6,1228.0,1,1228,149350
5,8,960.0,1,960,144900
6,8,988.0,1,1188,185000
5,5,1383.0,1,1383,165000
6,7,1602.0,1,1252,235000
5,6,533.0,1,1601,140000
5,8,672.0,1,672,108000
5,3,988.0,1,1721,145000
5,7,576.0,1,1350,152400
5,8,864.0,1,904,144000
6,5,1291.0,1,1291,173000
7,5,1160.0,1,2022,192000
7,6,1524.0,1,1524,245000
7,7,1385.0,1,1363,241500
4,6,1364.0,1,1663,256000
6,7,1019.0,1,1357,177000
7,5,570.0,1,1079,125600
6,5,1094.0,1,1094,155000
6,8,907.0,1,2358,240000
5,7,1580.0,1,1518,260000
6,7,1163.0,1,1674,185000
6,7,1127.0,1,2108,235000
5,6,1509.0,1,1509,159900
5,5,864.0,0,864,99600
6,8,621.0,1,1269,134500
5,8,861.0,1,1367,119000
5,7,1117.0,1,1347,107500
5,5,1164.0,0,1164,125000
6,5,572.0,0,1096,79000
5,6,616.0,0,1111,95000
7,5,1475.0,1,2329,262280
6,5,1077.0,1,2814,260000
7,5,1602.0,1,1626,226500
7,5,812.0,1,2200,225000
7,5,672.0,1,2037,229000
7,5,628.0,1,1356,177439
8,5,1615.0,1,1615,248500
9,5,2271.0,1,2276,475000
9,5,1751.0,1,1766,395039
7,5,1080.0,1,2097,228000
8,5,1401.0,1,1511,225000
6,6,1182.0,1,1643,195000
6,5,616.0,1,1688,200000
5,7,990.0,1,990,155000
5,6,1099.0,1,1099,144000
5,5,990.0,1,990,145000
7,5,1418.0,1,1418,226001
6,5,864.0,1,1771,215700
7,5,782.0,1,1652,207500
7,5,873.0,1,1790,193000
7,5,880.0,1,1724,188000
7,5,1468.0,1,1479,191000
7,5,1494.0,1,1494,221000
7,5,963.0,1,1792,231500
7,5,928.0,1,1823,235000
7,5,920.0,1,1786,223500
5,6,938.0,1,938,130250
5,8,985.0,1,985,149900
5,6,864.0,1,1174,158000
6,6,940.0,1,1026,147000
5,6,1076.0,1,1076,143195
5,6,864.0,1,1558,163000
5,6,924.0,1,924,110000
5,7,864.0,1,864,127000
5,7,780.0,1,780,124900
8,5,1777.0,1,1795,230000
8,5,1128.0,1,2031,237000
7,5,992.0,1,1865,235000
7,5,1257.0,1,2161,230500
8,5,1004.0,1,1852,230000
7,5,1153.0,1,2031,222500
8,5,1055.0,1,2263,287000
9,5,1357.0,1,1947,274000
8,5,1778.0,1,1786,300000
8,5,1128.0,1,2290,255900
7,5,884.0,1,1768,224900
7,5,1129.0,1,2327,240000
7,5,798.0,1,1640,183000
8,5,850.0,1,1764,207000
7,5,915.0,1,1908,210000
6,5,848.0,1,848,136500
6,5,848.0,1,848,145000
6,5,1478.0,1,1493,208900
6,5,1838.0,1,1838,185000
7,5,1536.0,1,1536,214000
7,5,856.0,1,1710,208500
7,5,1445.0,1,1445,186500
7,5,1436.0,1,1436,210000
7,5,770.0,1,1582,185900
8,5,1234.0,1,1234,179900
7,6,1564.0,1,1564,218836
7,5,1351.0,1,1361,193000
7,5,728.0,1,1456,189000
6,5,848.0,1,848,149300
6,5,848.0,1,848,141000
6,5,848.0,1,848,149000
6,5,848.0,1,848,144500
5,7,796.0,1,796,85000
5,7,1272.0,1,2200,145900
5,5,1092.0,1,1092,123000
5,6,1256.0,1,1256,147500
5,5,456.0,1,1033,165000
6,6,1127.0,1,1127,135000
5,6,996.0,1,996,108000
4,5,1138.0,1,1181,137500
7,5,746.0,1,1656,165400
6,6,1029.0,1,1117,147000
6,7,684.0,1,1398,160500
4,5,1132.0,1,1132,176000
5,7,0.0,1,3820,284700
10,5,6110.0,1,5642,160000
6,5,547.0,1,1072,148000
4,5,0.0,0,1152,82000
4,5,0.0,0,1152,82000
4,4,1440.0,0,1440,118000
4,5,0.0,0,1152,82500
4,5,784.0,0,784,91900
5,7,585.0,1,1053,120000
5,8,0.0,1,1137,96000
4,5,911.0,1,930,99000
5,6,768.0,1,1200,130500
4,6,941.0,1,1470,135000
5,7,816.0,1,1393,135500
4,6,416.0,1,1204,100000
4,7,949.0,1,1292,108000
5,6,864.0,0,864,98000
3,3,864.0,0,864,67000
5,6,780.0,0,1716,135900
6,8,672.0,0,1482,140000
5,8,720.0,1,2192,179500
6,5,1181.0,1,1694,136500
7,8,1228.0,1,1424,168000
5,6,940.0,0,1964,130000
5,6,612.0,1,2601,189000
6,7,960.0,1,1920,161900
6,6,644.0,1,1316,145000
6,7,588.0,1,2555,191000
6,7,840.0,1,1680,177000
6,6,676.0,1,1264,147500
6,5,768.0,0,790,91000
8,9,798.0,1,1512,231000
6,5,1064.0,1,1639,115000
6,3,784.0,1,1603,138000
7,6,776.0,1,1502,149000
6,7,715.0,1,1660,188700
5,6,942.0,1,1938,198000
5,4,884.0,1,1374,110000
6,5,1091.0,0,1091,104000
8,6,608.0,1,1873,257076
8,9,728.0,1,3447,381000
7,9,798.0,1,1954,311500
7,9,832.0,1,2161,263400
5,5,1898.0,1,1898,236500
6,7,1296.0,1,1640,224000
6,6,516.0,1,1032,116500
6,6,716.0,1,1556,151000
6,8,894.0,1,919,126000
6,8,720.0,1,1090,120000
4,4,796.0,0,796,55000
6,8,816.0,1,816,120500
5,6,740.0,1,778,120500
5,7,780.0,1,1200,119000
5,5,624.0,1,1656,126000
5,7,520.0,1,912,99500
5,5,1151.0,1,1955,165500
1,5,0.0,0,733,13100
4,7,173.0,0,1361,89000
4,4,649.0,0,1317,40000
4,7,356.0,0,1049,80900
3,4,894.0,1,894,81000
4,6,592.0,1,864,65000
8,5,1600.0,1,1652,392500
8,5,1596.0,1,1648,294464
7,5,1594.0,1,1646,250000
8,5,1594.0,1,1646,275000
7,5,1840.0,1,2032,300000
8,5,1568.0,1,1689,271000
7,5,910.0,1,1820,213000
6,6,1096.0,1,1118,171000
6,6,1196.0,1,1279,171500
5,4,0.0,1,1872,100000
4,5,1680.0,1,1689,228500
5,6,1499.0,1,1786,228950
7,6,1277.0,1,1501,241500
8,6,1565.0,1,2898,287000
8,5,1518.0,1,1537,294000
8,5,1638.0,1,1646,293077
8,5,920.0,1,1780,264966
5,5,352.0,1,1442,172500
5,5,384.0,1,1394,167500
7,5,796.0,1,1612,218689
6,5,1495.0,1,1495,150000
6,5,1606.0,1,1651,184000
6,5,1256.0,1,1256,180000
6,5,1461.0,1,1509,175000
8,5,1432.0,1,1440,232500
6,5,1666.0,1,1675,195000
8,5,1482.0,1,2262,305000
8,5,1884.0,1,1728,298751
8,5,1964.0,1,1964,370000
7,5,1344.0,1,1344,209200
7,5,1344.0,1,1344,206300
5,5,1092.0,1,1092,146000
6,5,1189.0,1,1189,160500
4,5,1200.0,1,1200,173000
5,6,1040.0,1,1040,124000
5,6,264.0,1,1304,115000
5,7,550.0,1,1475,129500
4,7,526.0,1,988,105000
4,6,462.0,1,988,94900
5,6,1113.0,1,1160,152500
6,9,546.0,1,1092,98000
4,7,630.0,1,630,81000
5,5,988.0,1,988,113000
5,7,816.0,1,816,128500
5,5,876.0,1,923,119500
5,9,816.0,1,816,130500
5,8,816.0,1,816,138000
5,6,845.0,1,845,134500
6,7,983.0,1,1750,160000
5,6,864.0,1,889,137500
5,4,784.0,1,1968,172000
5,1,686.0,1,1836,103000
6,6,1587.0,1,1587,167300
7,5,1277.0,1,1277,167000
7,6,2223.0,1,2223,244000
8,6,2217.0,1,2217,268000
7,5,847.0,1,1733,225000
6,5,806.0,1,1572,168000
6,6,794.0,1,1470,177000
6,5,916.0,1,1600,169000
6,5,384.0,1,1384,161500
8,5,1494.0,1,1652,251000
6,5,392.0,1,1694,160000
6,5,923.0,1,1714,180000
7,5,691.0,1,1553,178750
7,5,1237.0,1,1253,176000
6,5,938.0,1,2299,204000
7,5,1168.0,1,1187,160000
7,5,384.0,1,1472,160000
7,5,384.0,1,1482,163900
6,5,903.0,1,1642,168000
6,6,1302.0,1,1128,154204
8,5,1074.0,1,1088,170000
7,5,1190.0,1,2090,207500
8,5,1166.0,1,1179,182000
8,5,1312.0,1,1321,212000
9,5,1922.0,1,1922,377426
8,5,1149.0,1,2541,349265
9,5,2660.0,1,2338,591587
5,5,1100.0,1,1424,155000
9,5,1612.0,1,1612,319900
8,6,1419.0,1,1419,392000
8,5,2220.0,1,2234,441929
10,5,1742.0,1,2042,455000
6,7,1440.0,1,1440,182900
6,5,1284.0,1,1284,174000
6,7,585.0,1,1868,178000
7,7,725.0,1,1479,176000
7,6,1529.0,1,1664,213000
7,5,780.0,1,1930,192000
7,6,808.0,1,1969,190000
6,6,848.0,1,2030,195000
6,6,1032.0,1,1032,148000
6,6,1153.0,1,1177,151500
7,6,539.0,1,1725,197000
6,5,1259.0,1,1353,192350
5,5,780.0,1,1620,152000
6,5,1625.0,1,1220,170000
5,6,1484.0,1,1484,175000
6,6,702.0,1,1743,175000
7,7,793.0,1,1935,197900
7,6,1228.0,1,1324,174000
6,6,1084.0,1,1877,178900
5,7,372.0,1,1109,139000
6,5,981.0,1,981,143250
7,9,725.0,1,1479,184000
5,6,925.0,1,1422,155000
5,5,914.0,1,914,133000
5,5,950.0,1,950,119500
4,5,858.0,1,872,123000
4,6,858.0,1,858,110000
4,7,914.0,1,914,128000
4,6,864.0,1,864,120500
7,5,723.0,1,767,133000
6,5,1337.0,1,1337,155000
6,5,1405.0,1,1337,177000
6,6,525.0,1,1092,113500
6,5,672.0,1,1218,113000
6,5,672.0,1,1218,113700
5,5,630.0,1,1302,106000
5,5,765.0,1,1365,122500
6,5,1078.0,1,958,128000
6,6,804.0,1,1548,155000
7,7,1061.0,1,1055,142500
5,6,988.0,1,988,129250
9,5,1790.0,1,1816,356000
9,5,1822.0,1,1828,314813
8,5,1694.0,1,1694,318000
8,5,1694.0,1,1694,322400
8,5,1734.0,1,1734,318000
8,5,2108.0,1,2122,345474
9,5,2121.0,1,2121,415298
9,5,1934.0,1,2656,492000
8,5,1108.0,1,2550,338931
10,5,1994.0,1,2046,450000
7,5,1063.0,1,2172,280000
9,5,2552.0,1,2552,479069
8,5,1935.0,1,1973,395000
9,5,2153.0,1,2643,380000
8,5,1626.0,1,1634,250000
8,5,1976.0,1,1976,440000
9,5,1704.0,1,2758,418000
10,5,2320.0,1,2290,500067
8,5,1582.0,1,2152,260116
8,5,1143.0,1,2473,317000
8,5,918.0,1,2100,319500
8,5,1582.0,1,2161,325624
9,5,1802.0,1,1802,372000
8,5,1706.0,1,2956,342000
8,5,1136.0,1,2468,354000
8,5,1317.0,1,2385,350000
8,5,1181.0,1,2374,285000
8,5,895.0,1,1818,281500
7,5,1614.0,1,1614,245700
8,5,1721.0,1,1721,232698
8,5,1298.0,1,1828,250000
6,5,1362.0,1,1362,194700
6,5,1302.0,1,1302,204000
6,5,1302.0,1,1302,200000
6,5,1362.0,1,1362,207000
8,5,1554.0,1,1554,209500
8,5,1554.0,1,1554,209500
8,5,1370.0,1,1370,202500
9,5,1577.0,1,1577,280000
9,5,1561.0,1,1561,277500
9,5,1869.0,1,1869,318061
8,5,1324.0,1,1324,221370
7,5,1405.0,1,1405,200000
6,5,768.0,1,1496,181755
6,5,768.0,1,1536,176000
6,5,783.0,1,1484,178900
7,5,608.0,1,1458,168165
6,5,738.0,1,1495,171925
6,5,698.0,1,1746,198444
6,5,1326.0,1,1326,203000
7,5,728.0,1,1456,179540
7,5,1302.0,1,1302,176485
7,5,1340.0,1,1340,181134
6,5,616.0,1,1412,156932
6,5,752.0,1,1504,166000
7,5,728.0,1,1456,177594
7,6,1246.0,1,1258,173500
7,5,1258.0,1,1258,172500
7,5,1258.0,1,1402,194201
8,5,1406.0,1,1589,226500
7,5,1266.0,1,1266,185485
7,5,1530.0,1,1530,259000
7,5,835.0,1,1119,188500
7,5,384.0,1,1374,175000
7,5,847.0,1,1959,215000
7,5,1510.0,1,1525,206580
7,5,840.0,1,1720,183500
7,5,384.0,1,1394,165500
7,5,847.0,1,1948,211000
6,5,924.0,1,1690,181000
7,5,854.0,1,1995,219500
6,5,953.0,1,1647,175000
7,5,384.0,1,1430,170000
7,5,660.0,1,1320,162000
6,5,915.0,1,1690,187000
6,5,941.0,1,1644,185000
10,5,2396.0,1,4476,745000
8,5,1779.0,1,2551,384500
8,5,969.0,1,2285,248000
10,5,2633.0,1,2633,466500
9,5,1408.0,1,3078,410000
8,5,1389.0,1,2582,322500
7,5,1066.0,1,2385,252000
10,6,2444.0,1,4316,755000
7,5,1117.0,1,2013,269790
7,5,1379.0,1,2398,315750
7,5,1203.0,1,2520,290000
8,5,1318.0,1,2531,290000
8,5,3200.0,1,3228,430000
8,5,1105.0,1,2202,263000
8,5,1325.0,1,2538,330000
7,6,1369.0,1,1369,213133
8,5,1542.0,1,1542,260261
9,5,1905.0,1,1905,320000
8,5,1485.0,1,1464,282922
8,5,1524.0,1,1534,215000
10,5,1966.0,1,1966,419005
8,5,1623.0,1,1636,255000
8,5,1795.0,1,1795,147000
7,5,1528.0,1,1528,235876
7,5,1726.0,1,1726,311872
7,6,1689.0,1,1689,248328
8,5,1588.0,1,1588,227000
8,5,1538.0,1,1538,260000
8,5,1496.0,1,1496,225000
7,5,1494.0,1,1506,249000
8,5,1686.0,1,1694,307000
7,5,982.0,1,1977,250000
8,5,1302.0,1,1830,221300
8,5,1338.0,1,1338,208900
7,5,1335.0,1,1335,210400
8,5,896.0,1,1792,255000
5,5,725.0,1,1588,212109
8,5,1088.0,1,1959,270000
8,5,1184.0,1,2610,303477
8,5,955.0,1,1880,310013
8,5,1656.0,1,1656,249700
7,6,874.0,1,1761,227875
8,5,1574.0,1,1584,261329
8,5,1685.0,1,1685,253000
6,5,1158.0,1,2443,265000
8,5,1580.0,1,2466,340000
6,5,1100.0,1,1100,146000
7,5,1143.0,1,1143,147000
5,5,1094.0,1,1094,149000
7,5,1461.0,1,1486,181000
6,5,928.0,1,1721,201000
6,5,864.0,1,1820,191750
7,5,1349.0,1,1349,179000
7,5,1482.0,1,1494,215000
6,5,1575.0,1,1575,179200
6,5,630.0,1,1266,128000
5,7,840.0,1,884,144000
5,5,0.0,1,2020,144000
5,5,894.0,1,894,120750
5,6,970.0,1,970,132500
5,5,1057.0,1,1057,132000
5,7,999.0,1,999,132500
4,5,1040.0,1,1120,129000
5,5,1140.0,1,1696,143900
5,7,1040.0,1,1040,145000
5,5,988.0,1,988,128500
5,6,876.0,1,902,125500
7,5,1223.0,1,2503,300000
7,7,1192.0,1,2167,294000
5,5,1037.0,1,1037,129000
5,5,1390.0,1,1701,171000
6,7,1044.0,1,1055,147000
8,5,1453.0,1,2810,302000
8,5,1683.0,1,2872,285000
8,5,1378.0,1,1378,214000
8,5,1141.0,1,1151,166000
8,5,1511.0,1,1565,193800
7,5,1352.0,1,1352,208900
7,5,1352.0,1,1352,194000
8,5,1550.0,1,1550,207500
7,5,1241.0,1,1241,199900
7,5,625.0,1,1250,164700
6,5,744.0,1,1501,176500
6,5,729.0,1,1458,176000
6,5,756.0,1,1512,168500
6,5,756.0,1,1573,177000
6,5,756.0,1,1525,177000
7,5,551.0,1,1102,148800
8,5,776.0,1,1441,174000
7,5,975.0,1,1950,239000
7,5,1339.0,1,1358,204000
8,5,1054.0,1,2048,301000
8,5,1220.0,1,2362,312500
8,5,1494.0,1,1494,279700
7,6,2002.0,1,2362,255000
5,7,1360.0,1,1432,194000
5,8,1437.0,1,1437,218000
8,6,1057.0,1,1295,213750
6,7,528.0,1,1855,187000
6,8,1262.0,1,1262,181500
8,5,2461.0,1,2497,373000
5,5,1361.0,1,2620,190000
7,5,1057.0,1,1929,226000
6,6,912.0,1,1152,143450
6,6,1008.0,1,2411,240050
6,6,973.0,1,1082,162500
6,5,1295.0,1,1295,164000
7,7,1124.0,1,1610,185000
7,6,1594.0,1,1594,188500
7,6,1148.0,1,2075,255000
5,6,1680.0,1,1680,136905
6,7,1093.0,1,1093,158500
7,6,1242.0,1,1242,175500
6,5,1052.0,1,1052,127000
5,6,949.0,1,1107,127000
5,5,1214.0,1,1214,143000
5,7,1073.0,1,1073,156000
5,5,1024.0,1,1344,144000
5,4,1728.0,1,1728,119000
4,5,0.0,0,1224,103000
5,5,978.0,1,1422,139900
6,8,958.0,1,958,151500
5,5,1065.0,1,1065,126500
6,8,588.0,1,1138,145000
5,7,912.0,1,912,120000
5,5,894.0,1,1074,124000
5,7,0.0,1,882,106500
5,5,864.0,1,1187,140500
5,7,964.0,1,964,137500
5,7,894.0,1,894,117600
7,6,1174.0,1,1200,163500
6,5,1042.0,1,1042,161000
6,7,1302.0,1,1302,158000
6,7,845.0,1,2154,224500
6,5,1130.0,1,1374,147000
6,7,1592.0,1,1652,200000
6,6,1144.0,1,1429,181900
5,6,1063.0,1,1327,150750
4,5,0.0,1,1224,101800
6,5,932.0,1,932,124000
5,7,822.0,1,908,138500
1,3,0.0,0,334,39300
3,3,666.0,0,666,64500
3,5,370.0,0,670,64000
5,8,808.0,1,808,112000
6,6,816.0,1,1977,165000
5,6,1078.0,1,1150,144000
5,5,928.0,1,1920,137000
5,5,768.0,1,1376,105000
5,7,728.0,1,1644,146500
5,5,1560.0,1,1560,126000
5,6,793.0,1,1280,175000
6,5,1218.0,1,1254,158500
5,5,912.0,1,912,114500
5,5,874.0,1,1524,144000
6,5,1021.0,1,2380,129000
6,7,936.0,1,936,141000
5,6,1008.0,1,1008,131000
5,7,1053.0,1,1053,142100
5,6,1056.0,1,1056,139000
6,6,1442.0,1,1442,157900
5,7,1056.0,1,1056,139400
6,6,1244.0,1,1244,150000
5,5,1144.0,1,1144,120000
6,6,1331.0,1,1721,174850
5,5,922.0,1,922,116000
5,5,1048.0,1,1048,135000
6,3,1657.0,1,1657,163500
5,6,1204.0,1,1411,130000
5,5,1216.0,1,1216,129500
5,9,864.0,1,1154,142000
5,5,1560.0,1,1560,128600
6,6,948.0,1,948,125000
6,7,1040.0,1,1040,136000
5,7,1008.0,1,1008,134500
5,8,925.0,1,925,127000
5,5,384.0,1,1360,130000
4,4,1190.0,1,1540,115000
5,5,923.0,1,925,116900
5,7,928.0,1,928,132000
4,6,1105.0,1,1647,153000
5,5,924.0,1,924,112500
4,7,925.0,1,1544,138000
5,7,845.0,1,893,135000
5,6,1216.0,1,1728,156000
5,4,666.0,1,3086,301600
5,6,735.0,1,1034,109000
4,6,882.0,1,882,103200
4,7,1151.0,1,1281,128500
4,6,656.0,1,968,64500
5,9,736.0,1,1534,148000
5,6,691.0,1,691,86000
7,5,725.0,1,1651,172000
5,7,920.0,1,888,120000
6,6,952.0,1,952,128500
5,5,1040.0,1,2080,135000
5,7,672.0,1,924,122900
6,5,1082.0,1,1082,119200
6,6,1040.0,1,1846,143000
5,7,876.0,1,988,119000
5,3,864.0,1,1238,102000
5,8,864.0,1,864,129000
5,7,1010.0,1,1134,135000
5,7,1040.0,1,1040,152000
5,6,1170.0,1,1170,140000
5,5,1242.0,1,1242,152000
5,5,1377.0,1,1377,156500
5,4,1800.0,0,1800,141000
5,6,0.0,1,925,99000
6,8,822.0,1,1851,187000
5,5,864.0,1,1812,169500
5,5,864.0,1,864,125500
5,5,896.0,1,936,130000
5,7,850.0,1,960,103000
5,7,264.0,1,1432,132000
6,6,845.0,1,1296,127500
5,5,1022.0,0,1022,89500
5,5,936.0,1,936,140000
5,6,967.0,1,967,99900
4,7,641.0,1,1047,100000
5,8,808.0,1,1072,130000
5,8,680.0,1,1174,135000
3,7,649.0,1,1183,120000
4,7,907.0,1,1131,89471
4,6,570.0,0,1141,85000
4,4,960.0,1,960,108500
4,8,1075.0,1,1798,137000
5,9,686.0,1,866,110500
5,6,968.0,1,968,100000
8,9,725.0,0,1772,184900
6,6,728.0,1,1642,145000
5,8,702.0,1,1472,125000
5,7,616.0,1,1232,114000
5,5,662.0,0,2337,90000
6,8,926.0,1,1650,144100
6,4,1008.0,1,2210,117500
5,7,687.0,1,1358,124500
7,8,819.0,1,2454,185000
6,6,1214.0,0,2291,133900
6,7,1149.0,1,1616,152000
5,6,1559.0,1,1559,153500
7,8,718.0,1,2554,159500
5,5,912.0,1,1248,87000
4,6,0.0,1,968,104500
4,7,0.0,1,1382,110000
5,7,756.0,0,1060,136500
5,6,910.0,1,1435,128250
5,5,915.0,1,1167,144000
6,7,1065.0,1,1635,210000
5,7,728.0,1,1274,135000
6,6,600.0,1,1232,128000
6,6,735.0,1,1218,131000
5,7,884.0,1,884,113000
6,5,861.0,1,1409,126000
5,8,672.0,1,1322,132000
5,7,966.0,1,1426,131750
5,6,756.0,1,1281,132500
5,8,939.0,1,1513,137500
7,8,832.0,1,854,132000
6,6,884.0,1,1367,127500
6,5,960.0,0,986,102000
6,8,1100.0,1,2264,200000
6,6,764.0,1,1824,180500
6,7,768.0,1,1376,165000
5,5,750.0,1,1316,90000
6,7,698.0,1,1396,153575
7,6,672.0,0,1344,140000
6,7,714.0,0,2526,136000
5,4,592.0,0,1173,113000
5,3,969.0,0,1214,117000
7,4,1040.0,1,1818,169500
7,7,637.0,1,1108,139400
6,6,741.0,1,2294,202500
6,7,684.0,1,1355,127000
6,6,780.0,1,1375,141000
7,9,976.0,1,1952,212300
6,5,1138.0,1,2180,161000
4,6,808.0,1,1315,99500
5,7,530.0,0,1111,101000
4,7,1196.0,1,1196,109900
5,6,720.0,1,1382,128500
7,4,925.0,0,1889,122000
5,7,672.0,1,840,87000
4,1,771.0,1,1484,50000
7,8,1005.0,1,2267,219000
5,6,1598.0,1,3086,200500
5,6,756.0,0,1134,126000
5,6,672.0,0,1282,108500
5,5,925.0,1,999,130000
5,5,1420.0,1,1452,158450
4,3,1005.0,1,1005,115400
4,5,1029.0,1,1029,118500
5,8,980.0,1,1020,165000
5,4,1040.0,1,1040,123000
6,5,814.0,1,913,129000
5,5,894.0,1,894,125000
5,5,948.0,1,948,108000
5,6,768.0,1,868,119900
5,5,876.0,1,897,115000
5,5,943.0,1,943,134500
5,7,955.0,1,955,127000
5,5,894.0,1,894,129000
6,5,660.0,1,1285,143500
5,7,912.0,1,912,129000
5,5,1240.0,1,1375,187000
5,4,671.0,1,2654,158000
5,7,816.0,1,1416,112000
7,8,680.0,1,1302,165250
6,5,967.0,1,1299,150000
5,6,1158.0,1,1176,137000
4,7,0.0,0,998,89500
7,5,1643.0,1,1824,302000
6,5,1190.0,1,1522,182000
6,5,1151.0,1,2060,211000
5,7,409.0,1,1325,216000
5,5,1073.0,1,1630,130000
4,5,484.0,0,1242,109900
6,7,1288.0,1,2422,255000
6,7,1202.0,1,2158,243000
6,6,988.0,1,1626,154000
5,5,864.0,1,864,118000
4,5,0.0,0,943,80000
4,3,1440.0,1,1440,150000
4,7,528.0,1,605,86000
5,6,1038.0,1,1038,130000
5,6,1342.0,1,1342,125000
5,6,1080.0,0,1480,136500
4,5,951.0,0,1362,96000
5,6,0.0,1,1340,120000
6,5,1105.0,1,1822,228500
7,5,910.0,1,1442,179900
7,5,700.0,1,2243,225000
7,5,1502.0,1,2730,301000
7,5,1104.0,1,2127,238000
7,6,807.0,1,1982,228500
7,5,779.0,1,1958,220000
7,5,1264.0,1,2696,383970
8,5,1466.0,1,2828,424870
8,5,1643.0,1,1651,250000
8,5,2140.0,1,2140,360000
7,5,1494.0,1,1494,279500
7,5,1316.0,1,1316,200141
8,5,1643.0,1,1651,246500
8,5,1482.0,1,2574,276000
7,5,1274.0,1,1274,203000
7,5,728.0,1,1456,155835
7,5,1240.0,1,1240,194000
7,5,1208.0,1,1208,195400
7,5,1546.0,1,1546,217000
8,5,1489.0,1,1500,212999
7,5,1270.0,1,1270,175900
7,5,879.0,1,1795,191000
6,5,1314.0,1,1314,176432
7,5,1157.0,1,2062,277000
7,5,929.0,1,1873,207000
6,7,1444.0,1,2144,277000
6,5,1580.0,1,1953,240000
6,8,832.0,1,2087,187500
8,6,966.0,1,1743,279000
5,5,1022.0,1,1022,139500
5,5,990.0,1,990,126000
6,5,1200.0,1,1200,177500
6,6,635.0,1,1308,175000
6,5,794.0,1,1796,211000
5,7,990.0,1,990,146000
5,5,1097.0,1,1097,147900
4,5,990.0,1,990,123600
6,5,824.0,1,1786,204750
7,5,988.0,1,1873,235500
7,5,853.0,1,1753,217000
7,5,845.0,1,1690,190550
7,5,985.0,1,1842,217500
7,5,1453.0,1,1479,226000
7,5,840.0,1,1668,180000
5,5,864.0,1,894,131000
5,5,1015.0,1,1025,153500
5,7,995.0,1,1009,160000
5,5,1040.0,1,1040,134900
5,4,876.0,1,907,130000
5,6,864.0,1,879,120000
5,5,882.0,1,882,112500
5,6,969.0,1,969,122000
5,5,864.0,1,864,127000
4,8,385.0,1,875,117000
8,5,2000.0,1,2000,305900
8,5,1284.0,1,2169,228500
7,5,1673.0,1,1673,270000
7,5,1459.0,1,1459,192000
7,5,979.0,1,1932,213000
7,5,860.0,1,1729,200000
8,5,1028.0,1,2452,267000
8,5,1556.0,1,1592,228000
8,5,1531.0,1,2439,275000
7,5,860.0,1,1992,211000
9,5,1626.0,1,1668,285000
8,5,1220.0,1,2090,240000
6,5,848.0,1,848,131500
8,5,1341.0,1,1341,246900
7,5,847.0,1,1928,219500
7,5,1337.0,1,1337,185000
7,5,738.0,1,1476,179400
7,5,939.0,1,1797,213500
7,5,1422.0,1,1422,179600
7,5,1169.0,1,1190,173500
6,5,1330.0,1,1330,167840
7,5,738.0,1,1491,168675
5,5,768.0,1,1536,167000
5,7,1214.0,1,1214,140000
5,5,936.0,1,936,118500
4,6,1088.0,1,1088,110000
4,5,960.0,1,960,94750
5,6,901.0,1,1351,122000
6,6,1179.0,1,1179,110000
6,5,816.0,1,816,118500
6,6,960.0,1,1044,133500
6,7,1143.0,1,1113,148000
5,6,0.0,1,2233,141000
5,5,1125.0,1,1125,155000
5,5,1090.0,1,1090,157000
5,5,734.0,1,1408,171500
10,5,5095.0,1,5095,183850
10,5,3138.0,1,4676,184750
6,5,547.0,1,1072,140000
5,7,960.0,1,960,131750
4,3,0.0,0,1152,61500
4,5,864.0,1,948,111000
5,6,1195.0,0,1195,98500
3,6,544.0,1,774,79000
6,8,660.0,1,865,108500
4,5,894.0,1,894,110000
4,7,560.0,0,1346,112000
4,5,768.0,1,768,125000
4,5,864.0,1,864,79275
4,6,948.0,1,948,119000
6,7,1440.0,1,3395,200000
5,6,1296.0,0,2592,150000
6,7,602.0,1,1502,165000
5,5,768.0,0,789,96500
5,5,1290.0,1,1422,136500
6,7,651.0,1,1298,146500
5,7,731.0,1,1768,175000
7,8,531.0,1,1098,148500
6,7,585.0,0,1436,141500
7,8,912.0,1,1426,189950
6,8,686.0,1,1461,135000
7,5,918.0,1,1646,164000
5,6,440.0,0,694,90350
5,6,661.0,1,1250,139000
5,7,920.0,1,954,119750
6,6,979.0,0,1958,145000
5,6,1001.0,0,2002,145000
7,7,851.0,1,1718,238000
5,5,0.0,1,1226,153500
6,6,1370.0,0,2624,239000
8,6,965.0,1,3194,359100
4,6,930.0,1,1755,188000
6,7,854.0,1,1991,220000
5,5,728.0,1,1355,140000
8,8,853.0,1,2727,315000
6,8,1028.0,1,2320,259500
6,7,1477.0,1,1839,257500
7,6,800.0,1,1740,219500
6,5,1809.0,1,2259,217000
6,4,1560.0,1,1560,201000
6,6,1488.0,1,1488,215000
6,6,516.0,1,1045,123900
4,5,1680.0,1,1680,170000
8,5,1004.0,1,1020,200000
7,5,1696.0,1,1696,198000
6,3,2035.0,1,2515,200624
8,5,279.0,1,2726,315000
5,7,793.0,0,1517,115000
6,7,720.0,1,1215,141000
5,6,720.0,0,803,87000
5,7,936.0,1,1601,129850
4,5,732.0,1,1123,100000
5,6,859.0,1,1828,150909
5,7,816.0,1,816,75200
6,5,1012.0,1,1012,118400
5,2,961.0,1,1077,67000
5,5,910.0,1,1558,152000
2,4,0.0,1,845,68104
5,6,957.0,0,1991,119600
4,6,1073.0,1,1073,140000
5,9,837.0,1,1001,124900
8,5,1573.0,1,1625,375000
8,5,1573.0,1,1625,235000
6,6,1001.0,1,1299,183500
6,6,888.0,1,912,156000
6,5,1084.0,1,1080,134000
5,5,1441.0,1,1392,215000
7,5,1409.0,1,1409,245000
7,5,1454.0,1,1478,210000
7,6,852.0,1,918,148000
6,6,970.0,1,1026,143000
7,6,1501.0,1,1501,244000
7,5,1502.0,1,1502,330000
5,6,1350.0,1,1328,170000
6,8,585.0,1,2279,257000
7,5,1689.0,1,1689,231713
8,5,1546.0,1,1564,267300
8,5,1476.0,1,1484,265900
8,5,1571.0,1,1571,239000
8,5,1638.0,1,1646,248900
7,7,1265.0,1,1240,174000
7,5,1156.0,1,1717,187500
6,5,872.0,1,1756,204000
8,5,1267.0,1,1312,180500
7,5,868.0,1,1146,187500
8,5,1922.0,1,1922,282000
6,5,1491.0,1,1491,178000
8,5,1616.0,1,1629,270000
7,5,1122.0,1,2486,279900
5,4,1572.0,1,1572,186700
8,5,1732.0,1,1776,283463
10,5,1824.0,1,1824,392000
8,5,1094.0,1,2482,281213
5,5,1120.0,1,1120,147000
3,5,0.0,1,2034,130000
6,5,920.0,1,936,140000
4,5,1064.0,1,1040,132250
5,4,1632.0,1,1632,143000
4,4,1249.0,1,1622,168000
5,7,1040.0,1,1060,129900
5,5,1142.0,1,1142,134000
4,4,546.0,1,1092,85500
4,5,530.0,1,992,106500
4,6,546.0,1,1092,93900
4,5,546.0,1,1092,75000
4,6,630.0,1,630,84500
4,3,546.0,1,1092,75190
6,5,1029.0,1,1062,146800
5,5,923.0,1,1008,153500
6,6,1244.0,1,1356,188000
5,6,1160.0,1,1676,196000
5,7,716.0,1,1432,157000
5,7,796.0,1,796,138000
5,7,768.0,1,768,129500
4,3,1396.0,0,1608,80000
4,6,845.0,1,845,129500
5,6,1090.0,1,1178,135000
5,7,816.0,1,816,124500
5,7,816.0,1,816,139000
5,5,974.0,1,974,93500
5,6,864.0,1,887,124500
6,5,1178.0,1,1293,149900
6,6,1008.0,1,1024,157500
5,5,1617.0,1,1797,169000
6,6,1705.0,1,1390,252000
7,6,1851.0,1,1851,192100
6,5,813.0,1,1525,183500
7,5,964.0,1,2236,222000
6,5,781.0,1,1671,170000
6,5,691.0,1,1498,187500
6,5,821.0,1,1776,202000
6,5,802.0,1,1511,185000
7,5,1392.0,1,2462,320000
7,5,1670.0,1,1670,240000
8,5,1074.0,1,2064,250000
8,5,893.0,1,1801,239900
7,5,1700.0,1,2212,309000
7,5,868.0,1,2021,274725
8,5,2062.0,1,2687,270000
6,6,1160.0,1,1169,183500
6,5,697.0,1,1501,165600
7,5,935.0,1,1632,176500
8,5,1191.0,1,1204,130000
7,7,1064.0,1,1767,239000
8,5,1742.0,1,1742,275000
9,5,1398.0,1,2798,457347
10,5,1528.0,1,3390,545224
9,5,1094.0,1,2473,356383
9,5,1992.0,1,2868,556581
8,5,1234.0,1,2576,361919
10,5,1850.0,1,2698,535000
9,5,1390.0,1,2795,401179
10,5,1410.0,1,2945,438780
5,6,0.0,1,2320,169000
5,5,1056.0,0,1056,145000
9,5,1714.0,1,1714,318000
8,5,1814.0,1,1826,319000
9,5,1910.0,1,2000,470000
7,7,1208.0,1,1621,202500
7,5,1204.0,1,2183,229000
7,7,795.0,1,2263,235000
6,5,796.0,1,1574,190000
6,6,988.0,1,1102,169000
7,5,1845.0,1,1872,241500
7,5,945.0,1,1857,188900
6,6,1686.0,1,1686,207500
7,5,1392.0,1,2784,250000
6,6,713.0,1,1552,179900
7,5,1047.0,1,1083,172000
7,5,960.0,1,2318,294323
6,6,675.0,1,1875,184500
5,6,1056.0,1,1074,153500
7,5,832.0,1,1664,162900
6,6,1040.0,1,1309,181000
6,6,1103.0,1,1103,155000
5,5,1096.0,1,1096,138800
4,5,864.0,1,864,116050
4,4,858.0,1,858,88000
4,4,864.0,1,874,97500
6,5,1487.0,1,1419,190000
6,5,525.0,1,1092,105500
5,6,765.0,1,1365,125500
6,5,483.0,1,987,83000
6,7,494.0,1,1030,116000
6,5,672.0,1,1218,91500
6,7,672.0,1,1218,118000
6,5,483.0,1,948,89000
6,5,525.0,1,1092,108000
6,5,483.0,1,987,94500
6,5,1069.0,1,1069,146300
5,7,943.0,1,1387,145000
5,5,864.0,1,900,123000
7,7,1055.0,1,1055,137500
6,5,855.0,1,1456,144000
9,5,1980.0,1,1980,315000
9,5,1738.0,1,2589,412083
9,5,1249.0,1,2596,342643
8,5,1618.0,1,1618,252000
10,5,2076.0,1,2076,465000
7,5,1721.0,1,1740,293000
9,5,1868.0,1,1868,415000
9,5,1833.0,1,1850,326000
8,5,1158.0,1,2376,325300
8,5,1117.0,1,2452,309000
9,5,1090.0,1,2206,300000
8,5,1030.0,1,2098,275500
9,5,1606.0,1,2091,338500
9,5,1175.0,1,2324,345000
8,5,1209.0,1,2253,344133
8,5,1054.0,1,2389,298236
8,5,1524.0,1,2358,329900
9,5,1896.0,1,1944,360000
8,5,1085.0,1,1970,281000
9,5,1792.0,1,1792,372397
9,5,1780.0,1,1780,378000
9,5,1792.0,1,1792,374000
9,5,1848.0,1,2728,437154
8,5,1058.0,1,1904,275000
8,5,1420.0,1,1914,279000
7,5,1364.0,1,1364,185850
9,5,1560.0,1,1565,282500
7,5,1368.0,1,1368,202500
7,5,1368.0,1,1368,202665
9,5,1686.0,1,1686,332200
9,5,1666.0,1,1666,310090
7,5,1405.0,1,1405,171750
6,5,1316.0,1,1316,169990
6,5,728.0,1,1456,170440
7,5,738.0,1,1492,169985
7,5,654.0,1,1496,179665
7,5,879.0,1,1863,219210
6,5,1326.0,1,1326,174190
6,5,728.0,1,1456,172785
8,5,1052.0,1,2373,258000
7,5,738.0,1,1492,185101
7,5,1220.0,1,1364,210250
7,5,1374.0,1,1557,234000
8,5,1273.0,1,1456,215000
7,5,1368.0,1,1511,246990
7,5,1375.0,1,1414,178740
7,5,1365.0,1,1548,225000
7,5,1248.0,1,1248,167240
7,5,1142.0,1,1142,156820
7,5,1362.0,1,1506,213490
8,5,1520.0,1,1567,264561
7,5,1356.0,1,1500,246578
5,5,732.0,1,1838,192140
6,5,783.0,1,1509,183200
8,5,707.0,1,1414,178000
7,5,848.0,1,1598,201490
8,5,1406.0,1,1936,230500
7,5,783.0,1,1509,180000
6,5,953.0,1,1664,172400
6,5,982.0,1,1889,215000
7,5,930.0,1,1886,199900
6,5,959.0,1,1671,173000
7,5,1035.0,1,2322,287602
7,5,975.0,1,2291,230000
8,5,1396.0,1,2392,348000
8,5,1044.0,1,1976,286000
8,5,1160.0,1,2234,300000
10,5,1930.0,1,3627,625000
9,5,1540.0,1,2855,405000
8,5,1086.0,1,1924,280000
8,5,1141.0,1,2263,258000
8,5,1342.0,1,2726,350000
9,5,1733.0,1,3500,584500
8,5,1290.0,1,2494,321000
8,5,1165.0,1,2526,290000
8,5,1286.0,1,2799,315000
8,5,1100.0,1,1964,252000
8,5,1670.0,1,1670,336820
8,5,2077.0,1,2097,423000
8,5,1660.0,1,1660,290000
7,5,1616.0,1,1616,232000
8,5,1504.0,1,1504,199000
8,5,1278.0,1,1278,198600
9,5,2036.0,1,2640,405749
8,5,1489.0,1,1489,232600
8,5,1095.0,1,1939,266000
7,5,756.0,1,1553,186500
6,5,858.0,1,1716,200825
7,5,770.0,1,1576,197000
6,5,1262.0,1,1262,185000
7,5,1257.0,1,1266,176000
7,5,1293.0,1,1301,187750
6,5,1142.0,1,1142,139500
7,5,1400.0,1,1400,186800
6,5,1131.0,1,1131,132000
6,5,1141.0,1,1141,142500
6,5,1158.0,1,1158,158000
7,5,891.0,1,1686,184000
7,5,784.0,1,1585,184900
6,5,941.0,1,1837,187000
6,5,761.0,1,1603,175900
6,5,836.0,1,1731,248500
6,5,1398.0,1,1398,172000
6,5,1217.0,1,1217,151000
6,5,636.0,1,1320,150000
4,4,1056.0,1,1056,107000
5,5,828.0,1,965,119900
5,4,988.0,1,988,129500
5,5,1728.0,1,1728,125000
6,6,0.0,1,1654,119500
5,6,864.0,1,1211,144000
6,7,506.0,1,1212,151000
5,5,984.0,1,984,126000
5,6,882.0,1,909,116000
5,6,925.0,1,925,133500
5,6,1024.0,1,1024,120875
5,6,935.0,1,935,137000
5,6,912.0,0,912,124000
5,7,912.0,1,1236,135000
5,6,912.0,1,941,129200
7,4,1748.0,1,2646,260000
8,5,1288.0,1,2417,260000
8,5,1334.0,1,2826,334000
8,7,1338.0,1,2520,310000
7,5,1095.0,1,2295,268000
8,5,1624.0,1,1624,262000
7,5,1143.0,1,1143,176400
8,5,1247.0,1,1247,197000
7,5,600.0,1,1200,151000
7,5,600.0,1,1223,147400
7,5,600.0,1,1223,149900
7,5,600.0,1,1200,144152
6,5,756.0,1,1524,166000
7,5,691.0,1,1452,183900
7,5,673.0,1,1382,165000
7,5,530.0,1,1080,139000
7,5,569.0,1,1694,200000
8,5,1568.0,1,1568,221000
8,5,1494.0,1,1494,270000
6,6,1208.0,1,1208,165000
8,5,1235.0,1,1235,214000
8,5,1036.0,1,1036,188000
8,5,1226.0,1,1226,190000
8,5,1226.0,1,1226,170000
9,5,1842.0,1,1842,385000
5,6,1153.0,1,1193,146500
7,6,570.0,1,1920,170000
7,7,1568.0,1,2156,262500
6,6,708.0,1,1416,179900
6,7,1054.0,1,2654,250000
6,5,732.0,1,1790,165150
7,6,1334.0,1,1334,164500
7,5,1164.0,1,1164,140000
5,5,980.0,1,980,135500
5,5,1051.0,1,1051,142000
5,5,900.0,1,1770,155000
6,7,976.0,1,976,157500
5,5,1052.0,1,1052,138500
5,6,833.0,1,898,140000
5,5,1051.0,1,1051,124400
5,7,1141.0,1,1141,158000
5,8,864.0,1,1200,146000
6,5,825.0,1,1993,190000
5,6,1050.0,1,1050,136500
5,5,864.0,1,864,129900
5,5,1626.0,1,1712,145000
6,7,1187.0,1,1565,185900
6,6,1251.0,1,1251,160000
6,6,1008.0,1,1488,167000
5,6,720.0,1,1440,157500
6,5,588.0,1,1095,140000
5,7,1008.0,1,1053,150000
5,7,1248.0,1,1248,151500
6,8,816.0,1,816,129800
5,6,1008.0,1,1008,137000
5,7,938.0,1,1043,137000
4,7,747.0,1,1230,121600
4,7,440.0,1,869,85500
4,5,600.0,1,747,79900
5,8,504.0,1,1252,127000
5,6,1251.0,1,1433,161000
5,6,1444.0,1,1624,146500
5,5,1056.0,1,1216,135000
5,3,2136.0,0,2136,137900
6,7,806.0,1,1578,133000
5,6,704.0,1,1728,137000
5,6,936.0,1,936,121000
5,5,1584.0,1,1584,119000
6,5,1246.0,1,1246,172000
5,3,1235.0,1,1235,98600
7,6,924.0,1,2157,226000
5,5,936.0,1,1128,118000
8,4,1360.0,1,3112,235000
6,7,1008.0,1,1008,135000
5,6,1106.0,1,1190,132500
5,6,1144.0,1,1144,143000
5,5,1179.0,1,1364,132000
6,5,1383.0,1,1383,145250
6,6,1121.0,1,1336,162000
5,6,1058.0,1,1370,148000
5,5,1092.0,1,1092,141000
6,6,1124.0,1,1124,153000
5,6,1070.0,1,1236,134450
5,5,943.0,1,943,135960
6,8,1050.0,1,1050,156000
6,5,1367.0,1,1375,140000
5,6,1008.0,1,1008,139500
6,6,216.0,1,1575,155000
5,7,301.0,1,1145,127000
5,5,1005.0,1,1005,133500
5,6,1056.0,1,1056,125000
5,6,884.0,1,884,142000
7,5,929.0,1,2039,167000
5,5,1015.0,1,1384,159000
5,5,2171.0,1,2640,180000
6,6,784.0,1,1312,127000
6,6,617.0,1,1310,112000
3,8,713.0,1,713,99800
5,7,833.0,1,833,117000
5,6,1073.0,1,1073,108480
3,3,715.0,0,715,68000
4,8,448.0,1,720,86900
5,6,1120.0,1,1130,120000
6,8,663.0,1,1595,155500
4,4,1077.0,1,1760,80000
3,4,672.0,1,1214,105000
5,4,954.0,0,2414,160000
5,8,796.0,1,1466,170000
6,5,1088.0,1,1324,160000
5,5,1024.0,1,1086,159950
6,5,1083.0,1,1146,165000
6,7,912.0,1,1734,159000
6,5,1135.0,1,1207,147000
5,5,912.0,1,912,115000
6,6,655.0,1,1194,159500
6,6,864.0,1,864,120000
5,7,816.0,1,816,129900
6,6,1313.0,1,1773,183000
7,5,0.0,1,1472,157500
7,8,1438.0,1,2448,277500
5,6,1484.0,1,1600,207500
4,6,910.0,1,1521,147500
4,4,720.0,0,1192,135000
5,7,0.0,1,1040,109500
4,5,0.0,1,1040,109900
5,5,1040.0,1,1040,133700
3,4,0.0,0,1040,81400
3,4,0.0,0,1040,87500
3,4,0.0,0,1040,93500
5,5,1556.0,1,1556,119000
5,6,1150.0,1,1150,141000
5,4,1150.0,1,1150,146000
6,5,660.0,1,1348,155000
5,5,925.0,1,999,134500
7,6,1045.0,1,1045,120000
5,6,864.0,1,864,105000
5,5,1025.0,1,1025,124000
5,8,716.0,1,2014,169000
4,4,686.0,0,1328,107000
5,6,1212.0,1,1668,135000
4,6,1147.0,0,1657,111500
6,8,780.0,1,1416,156500
7,7,728.0,1,1641,178000
7,7,712.0,1,1428,139900
7,8,502.0,0,1004,105000
6,8,813.0,1,813,110000
4,6,938.0,0,1951,111500
6,5,1032.0,0,1032,108000
5,7,844.0,1,844,111500
5,6,636.0,1,1750,124000
4,5,576.0,1,864,105000
6,8,648.0,1,1118,116000
3,5,738.0,1,1376,96900
5,7,960.0,1,960,135500
5,7,816.0,1,1566,139000
3,5,492.0,1,492,61500
6,7,770.0,1,1182,120000
3,8,1162.0,1,1163,126175
3,4,798.0,1,840,64000
6,8,1020.0,0,1928,137000
4,2,1095.0,0,1774,87000
7,7,880.0,0,1768,163000
7,6,1226.0,1,2104,155000
5,4,540.0,0,1440,79000
7,6,815.0,1,1690,144000
6,7,684.0,0,1368,114504
7,7,596.0,1,1762,157000
6,5,1200.0,1,1200,125000
10,9,1107.0,1,3608,475000
5,7,624.0,0,1248,93500
5,5,960.0,1,960,125000
3,3,1020.0,0,1020,64500
4,5,788.0,1,788,100000
6,5,972.0,1,1577,140200
6,7,848.0,0,1827,202500
6,7,1004.0,1,1664,159000
5,7,793.0,1,1118,119900
6,6,816.0,1,1176,114500
5,4,896.0,1,1344,115000
3,5,728.0,1,1162,75000
5,7,768.0,0,1015,88000
4,5,0.0,0,912,80500
5,6,1042.0,1,1576,149000
5,7,741.0,1,1324,110000
6,6,1103.0,1,1103,110500
5,7,616.0,1,616,89000
5,6,993.0,1,1048,113000
5,5,816.0,1,816,109000
6,5,1595.0,1,2486,220000
4,5,960.0,0,960,129000
6,8,485.0,1,1635,117000
4,4,693.0,0,693,52500
4,5,596.0,1,1430,107000
5,8,396.0,1,1330,116500
5,4,610.0,0,819,72000
6,6,780.0,1,1376,119500
5,6,803.0,1,1360,125500
3,4,1007.0,0,1077,91000
6,8,520.0,0,754,84500
6,6,984.0,1,984,90000
5,5,806.0,1,1422,137500
6,5,1921.0,1,1921,150000
5,5,0.0,1,1640,131000
5,4,1062.0,1,1352,130000
5,7,0.0,0,1032,125000
5,3,830.0,1,879,80000
7,5,1073.0,1,1073,157000
4,5,1051.0,1,1382,148000
4,5,0.0,1,1296,90000
6,8,1059.0,1,1068,154500
5,6,1064.0,1,1064,153600
5,6,1164.0,1,1320,164500
6,7,912.0,1,934,132000
5,6,1059.0,1,1059,142500
5,5,1051.0,1,1159,158000
6,7,672.0,1,1400,149500
5,5,1176.0,1,1458,165000
5,6,1461.0,1,1721,180000
6,6,960.0,1,1040,160500
5,4,1967.0,1,1967,156500
5,4,1949.0,1,1949,157000
5,5,1052.0,1,1920,172500
5,4,1134.0,1,1803,155000
5,4,1763.0,1,1779,170000
5,5,872.0,0,872,105000
4,9,648.0,1,960,145000
5,6,1188.0,1,1437,168000
7,6,1865.0,1,1830,278000
5,6,1000.0,1,1000,164000
7,4,1304.0,1,2287,225000
5,7,782.0,1,810,130000
5,5,864.0,1,894,142500
7,5,430.0,1,1700,148400
7,5,1453.0,1,1453,190000
4,5,967.0,1,1350,146000
5,5,799.0,0,1150,128000
5,8,896.0,1,2008,225000
6,7,697.0,1,2201,274970
6,7,672.0,1,2009,235000
6,8,1836.0,1,3672,415000
5,5,1776.0,1,1560,182000
5,6,0.0,1,1488,135000
5,8,1057.0,1,1057,137000
6,4,994.0,1,1855,136900
6,5,1000.0,1,1609,149900
5,7,980.0,1,1148,123500
5,5,0.0,1,1124,93000
5,3,810.0,1,1456,91500
6,5,1298.0,1,1298,180000
6,4,868.0,1,2559,209000
8,5,777.0,1,1911,215000
6,8,1344.0,1,1440,224500
7,5,1308.0,1,1876,229800
7,5,1208.0,1,1208,183600
7,5,1199.0,1,1220,194000
7,5,1286.0,1,1294,193879
7,5,1614.0,1,1614,221500
7,5,1498.0,1,1498,204900
7,5,1391.0,1,1962,239799
6,5,1836.0,1,1846,233555
7,5,1734.0,1,1734,260000
8,5,1570.0,1,1590,294900
7,5,945.0,1,1809,209700
7,5,1614.0,1,1614,225000
7,5,784.0,1,1596,181000
8,5,908.0,1,1915,220000
5,5,1624.0,1,1582,190000
6,5,938.0,1,988,180000
7,5,1533.0,1,1533,280000
6,5,1388.0,1,1388,158900
5,5,870.0,1,914,148000
5,6,1100.0,1,1100,145000
6,5,781.0,1,1499,187000
7,5,1425.0,1,1425,193000
5,5,990.0,1,990,156000
7,5,1525.0,1,1525,235000
6,5,1479.0,1,1494,217000
7,5,1588.0,1,1588,214000
7,5,842.0,1,1749,196000
7,5,951.0,1,1779,217000
7,5,916.0,1,1861,200000
7,5,936.0,1,1776,192500
7,5,1541.0,1,1541,205000
5,5,911.0,1,954,132500
6,6,675.0,1,1388,157500
6,6,995.0,1,1282,174000
5,6,971.0,1,971,128500
5,7,864.0,1,864,128500
5,7,894.0,1,894,149900
5,8,864.0,1,864,119900
6,5,630.0,1,1320,137000
8,5,1065.0,1,1989,255000
7,5,826.0,1,1762,222000
6,5,840.0,1,1755,214000
8,5,1348.0,1,1358,220000
8,5,1753.0,1,1787,275000
7,5,872.0,1,1909,197000
7,5,1654.0,1,1654,230000
8,5,1090.0,1,2214,268500
7,5,1065.0,1,2049,210900
7,5,1054.0,1,1939,227000
7,5,930.0,1,1995,237000
7,6,1108.0,1,2097,274300
7,5,1860.0,1,1836,216837
6,5,848.0,1,848,133000
6,5,848.0,1,848,155900
8,5,1079.0,1,1919,233230
7,5,1390.0,1,1390,207000
7,5,847.0,1,1948,195000
6,5,1682.0,1,1700,200000
7,5,851.0,1,1737,203160
7,5,784.0,1,1611,195800
7,5,1552.0,1,1552,212900
7,5,860.0,1,1720,196500
7,5,1336.0,1,1336,198000
6,5,750.0,1,1500,173900
6,5,728.0,1,1456,163990
7,5,1310.0,1,1310,164990
4,6,676.0,1,1436,98000
5,4,1466.0,1,1466,149900
4,5,836.0,1,1220,102000
6,5,976.0,1,1012,127500
6,5,945.0,1,980,127500
5,4,1176.0,1,1176,119900
7,5,796.0,1,1724,196500
6,5,914.0,1,914,117250
7,5,1150.0,1,2314,229000
5,5,547.0,1,1072,145000
6,5,547.0,1,1072,140000
6,5,547.0,1,1072,142500
7,5,970.0,1,1709,134000
7,5,970.0,1,1709,130000
6,5,970.0,1,1709,130000
7,5,970.0,1,1709,137500
7,5,976.0,1,1708,130000
4,7,624.0,1,936,97900
6,3,832.0,1,1338,92000
4,5,1093.0,0,1669,107000
5,3,658.0,1,1184,81000
5,7,784.0,1,1221,104900
5,7,864.0,1,864,115000
4,4,954.0,1,1482,125000
5,7,686.0,1,1250,116000
4,4,864.0,0,1414,83000
4,5,795.0,0,2230,118500
2,3,498.0,0,498,35000
4,7,616.0,0,1273,121000
5,8,686.0,1,1928,160000
6,5,940.0,1,1595,140000
5,5,1058.0,1,1551,137000
6,6,780.0,0,1340,128000
7,8,624.0,1,1479,160000
5,5,747.0,1,1784,138887
6,8,755.0,1,1510,149000
5,5,1008.0,1,1522,102000
7,8,818.0,1,1636,167000
7,6,793.0,1,1802,200100
5,5,992.0,1,1465,131000
5,4,824.0,0,1288,112000
7,5,756.0,1,1717,140000
6,5,817.0,1,1550,195000
8,7,792.0,1,1517,230000
5,6,901.0,1,1717,194000
4,5,700.0,1,1180,137500
7,7,1017.0,1,2057,250000
7,7,1022.0,1,1671,218000
6,8,952.0,1,2345,239000
7,7,637.0,1,1609,199500
6,7,697.0,1,1801,210000
6,7,1073.0,1,1811,230000
5,6,1430.0,1,1647,217500
5,7,1168.0,1,2315,257000
5,5,1165.0,1,1336,157000
6,5,1844.0,1,1844,223000
5,6,976.0,0,976,102000
6,7,861.0,1,1285,145400
4,4,432.0,0,672,72000
4,6,641.0,1,641,85000
4,6,951.0,0,951,106500
6,5,967.0,1,1638,139000
4,6,637.0,1,1336,108000
3,5,0.0,0,729,51689
2,3,480.0,0,480,35311
5,6,660.0,0,1396,115000
3,5,216.0,0,936,78000
8,5,1573.0,1,1778,375000
8,5,1594.0,1,1646,300000
6,6,1625.0,1,1625,242500
6,5,1664.0,1,1664,145000
8,5,1491.0,1,1491,209000
6,5,975.0,1,1004,135000
6,6,1128.0,1,1210,148000
7,5,1907.0,1,1959,171000
7,5,1210.0,1,2519,335000
7,5,0.0,1,1295,230000
6,5,1632.0,1,1650,250764
8,6,1686.0,1,1707,228000
6,6,1112.0,1,1137,176000
7,5,1309.0,1,1339,180000
7,5,1216.0,1,2514,250000
6,5,1381.0,1,1403,202000
8,5,1800.0,1,1800,312500
8,5,1728.0,1,1960,320000
8,5,1868.0,1,2028,369900
9,5,1838.0,1,1838,359900
1,3,0.0,1,1600,81500
7,5,1288.0,1,1368,215000
6,5,1216.0,1,1216,164000
6,5,1237.0,1,1337,153500
5,5,1140.0,1,1140,84500
5,6,264.0,1,1304,104500
5,6,757.0,1,1475,127000
6,4,942.0,1,2521,151400
5,7,864.0,1,874,126500
5,5,1652.0,1,1652,146500
4,6,630.0,1,630,73000
4,4,546.0,1,1092,79400
5,5,1104.0,1,1360,140000
5,7,630.0,1,630,92000
4,5,546.0,1,1092,87550
4,5,546.0,1,1092,79500
4,7,546.0,1,1092,90500
4,5,546.0,1,1092,71000
6,5,1728.0,1,1728,150900
5,5,1728.0,1,1728,188000
5,5,1126.0,1,1126,160000
5,7,1224.0,1,1224,131000
6,6,1003.0,1,1003,142500
5,5,864.0,1,902,131000
5,5,912.0,1,970,132000
5,5,1389.0,1,1389,170000
7,5,996.0,1,2000,188000
